도입_URL,가게이름,카테고리,전체평점,방문자리뷰,리뷰작성자,리뷰작성수,리뷰내용,방문시간,validated_label
"https://map.naver.com/p/entry/place/87238504?c=15.00,0,0,0,dh",계속 쪼르면,종합분식,미공개,938,ki8****,9,"치즈돈 예술이네요 치즈도 넉넉히 많이 있고
바삭하고 소스도 너무 맛있고 제취향이에요
재방문때는 맛있다는 떡볶이나 다른 메뉴도
먹어보려구요 번창하세요~!",21.10.19.화,0
"https://map.naver.com/p/entry/place/1345892943?c=15.00,0,0,0,dh",피자알볼로 용현점,피자,미공개,281,냠미리,481,"다른 지점은 음료서비스도 주고 피자토핑도 조각마다 다 올라가있는데 용현점은 그 반대네요ㅎㅎ
피자도 많이 식어서 오고 아쉬어요~",22.8.7.일,0
"https://map.naver.com/p/entry/place/1470889138?c=13.00,0,0,0,dh",화양연화,요리주점,미공개,636,잔디1nonly,582,대학가에서 조용한 감성주점을 기대하면 안되긴 하지만 새로생긴데기도 하고 혹시나 해서 가봤는데 네.. 역시나 시끄러웠고요 둘이갔는데 목소리가 하나도 안들렸습니다 하지만 안주랑 술은 맛있었고 인테리어도 좋았음 화장실은 웬만하면 학교에서 갔다오세요 전반적으론 호!,24.3.28.목,0
"https://map.naver.com/p/entry/place/1090243948?c=13.00,0,0,0,dh",와이키키피자,피자,미공개,326,jin****,14,"음악이 좋고, 가게도 너무 예뻐요!! 피자도 넘 맛있습니다 ㅎㅎ 코리안 바베큐 맛 적극 추천!!✨🌷",8.17.일,1
"https://map.naver.com/p/entry/place/1770290012?c=15.00,0,0,0,dh",커리야,인도음식,4.62,907,Riv3r65,5,"인하대 후문 맛집입니당~
주말엔 브레이크 타임도 없어서 시간구애없이 편하게올수 있고 매장도 넓어서 너무 편해요
2인세트 시켜서 둘이 나워먹으면 진짜 배터질 양이고 커리랑 밥도 무한리필이라 가성비 👍",8.30.토,0
"https://map.naver.com/p/entry/place/1368578135?c=15.00,0,0,0,dh",박지혜 모던순대국 소머리국밥 인하직영점,"순대,순댓국",미공개,499,별님9506,1,인하대 후문 해장국으로 강추합니다! 맛있고 가성비도 좋아서 자주 방문할 것 같네요👍 든든하게 한끼 먹기도 좋고 맛있어요👏,23.8.5.토,0
"https://map.naver.com/p/entry/place/1748522357?c=13.00,0,0,0,dh",큐슈울트라아멘 인하대점,일본식라면,미공개,279,갱미니mm,22,매콤한게 좋은데 맵기 단계를 선택할 수 있어서 좋은거 같아요 내부 인테리어도 좋고 단체로 8-10명 오기 좋은거 같아요 이 근처 일식집 중에는 제일 나아요,24.4.1.월,0
"https://map.naver.com/p/entry/place/1090243948?c=13.00,0,0,0,dh",와이키키피자,피자,미공개,326,민성팜,1,"따뜻한 피자 너무 맛있어요
다들와서 맛보면 좋겠어요 ^^♡
진짜 맛있어요♡♡♡
치즈 쭈~~~~~~~욱~~~~ 이에요 냠",24.12.12.목,0
"https://map.naver.com/p/entry/place/2009691902?c=15.00,0,0,0,dh",디탕 인하대점,베트남음식,미공개,376,sin****,18,"껌승이랑 소고기 팟타이 먹었는데 너무 맛있었어요!
양도 전반적으로 많고 꿔이도 셀프바에 있어서 마음대로 먹을 수 있어서 좋았습니당 매장도 넓고 이뻐요",9.15.월,0
"https://map.naver.com/p/entry/place/1403450091?c=18.31,0,0,0,dh",하이볼마또,퓨전음식,미공개,587,san****,18,"일본 노래 나오는거랑 분위기가 너무 취향이에요 :)
인하대후문에 이런곳이 있다니 행복합니다 🥰",24.5.10.금,0
"https://map.naver.com/p/entry/place/1748522357?c=13.00,0,0,0,dh",큐슈울트라아멘 인하대점,일본식라면,미공개,279,해태림,53,"새로 생겼길래 궁금해서 점심시간에 혼자 방문했습니다!! 1단계 살짝 매운맛 시켰는데 제 입맛에는 하나도 맵지 않았어요!! 다음 번에는 2단계로 먹어보려구요!!
전체적으로 맛있었고 특히 차슈에 양념이 잘 배어있어서 맛있었어요!!",24.3.21.목,1
"https://map.naver.com/p/entry/place/1383700124?c=15.00,0,0,0,dh",성화해장국 인하점,해장국,미공개,237,행복하심,582,항상 지나가다 보기만 했는데 내부에 홀이 있었다는.. 앗!! 성화해장국 포장해서 왔는데 푸짐해서 좋았어요. 엄마가 너무 든든하게 드셔서 더욱 만족해요~ ^^,23.9.24.일,0
"https://map.naver.com/p/entry/place/1034790169?c=15.00,0,0,0,dh",미식당,양식,미공개,610,스윗 초코,722,"인후 맛집👍
베이컨김치필라프는 진짜 갈 때마다 먹네요
파스타, 피자도 넘 맛있고…
메뉴가 다양해서 골라먹는 재미도 있는 것 같아용ㅎㅎ",21.12.24.금,0
"https://map.naver.com/p/entry/place/1878533608?c=13.00,0,0,0,dh",빙그레정육식당 인하대본점,"육류,고기요리",미공개,651,h0oo0n,37,가성비가 좋아서 대학생들도 부담없이 이용할 수 있는 것 같아요! 고기도 부드럽고 맛있어요!,9.8.월,0
"https://map.naver.com/p/entry/place/989610356?c=15.00,0,0,0,dh",고양이눈,카레,미공개,166,NRNA,433,"이날 주문한 메뉴는 톤카츠카레(9,000원)
맛은 평범하나, 갈릭후레이크로 풍미 UP↑
농도는 보통. 소고기 풍미가 농후한데, 매장 안내대로 카레안에 고깃조각 보임.
톤카츠는 양질의 두께에 조리후 기름을 잘빼 적당한 식감.
비계가 씹혀 미끄덩한 느끼함과 식감의 일관성을 방해.
밥은 양호한 질감.
갈릭후레이크는 눅눅하거나 쩐내가 나지않아 자체로 먹어도 바삭함.
깍두기는 단체급식처럼 신선.
단무지는 福神漬같은 달달함으로 카레의 풍미 UP↑(처트니와 같은 역할)
국은 대파가 들어간 계란국으로 중화요리급으로 섬세하게 연출해 부드러운 식감.
대파는 맵긴하지만, 자기주장이 센 카레의 풍미를 누그러트려줌. (매운기 빼주는 전처리 권장)
→ 카레는 평범하지만, 갈릭후레이크, 단무지, 대파 조합으로 즐겨야.",23.12.21.목,0
"https://map.naver.com/p/entry/place/1715794350?c=13.00,0,0,0,dh",카페밥엔술,양식,미공개,77,hsc****,92,"시푸드 오일파스타와 페파로니 피자가 너무 맛있네요.. 새로나온 아보카도,새우 샐러드 그리고 맛있는 치즈떡볶이..",24.5.30.목,0
"https://map.naver.com/p/entry/place/1574688174?c=15.00,0,0,0,dh",솥고기67번길,돼지고기구이,미공개,557,choej1227,145,"고기가맛있고. 밑반찬도 여러가지로다양하고 셀프로 맘껏먹을수있어서 좋아요~~
모듬구이 가성비좋아서 강추해요",10.8.수,0
"https://map.naver.com/p/entry/place/1678525038?c=13.00,0,0,0,dh",삼청당 인하대점,분식,미공개,620,아이2610,55,인하대 근처에서 묵은지참치김밥을 먹을 수 있는 소중한 곳... 견과류크림치즈가 없어진 것 너무 아쉬워요 ㅠㅠㅠ,24.9.27.금,0
"https://map.naver.com/p/entry/place/1307296974?c=13.00,0,0,0,dh",마포생갈비 용현점,"육류,고기요리",4.63,216,plcp2490,109,"서비스업하고 퇴근했습니다 !사장님 너무친절하세요!
이가격에 고기질 미쳤어요 최고에요 ^^너무 맛있게 잘먹고가요사장님~^^생갈비한입먹고 와 삼겹살먹고와 주먹고기까지 쌉쓰리!!쏘맥말고 배부르게다먹고 볶음밥을 이제봐서 ㅠㅠ다음에는 볶음밥도 추가해서 먹어봐야겠어요 여기 꼭오세요!!!!!",23.9.8.금,1
"https://map.naver.com/p/entry/place/1179949244?c=13.00,0,0,0,dh",비원,요리주점,미공개,23,vet****,7,불요리와 하이볼이 아주 맛있다고 해서 방문했는데 정말 불막창 불꽃치즈불닭 너무 맛있게매워서 아주 완벽했고 하이볼도 너무 맛있었어요!! 개인적으로 달달한 술 좋아하는 애기입맛인데 비원하이볼 청사과 강추강추합니다! 분위기맛집이라 1차로 식사하고 2차로 오기에 좋은 데이트코스예요 :),24.6.13.목,0
"https://map.naver.com/p/entry/place/1801858940?c=13.00,0,0,0,dh",하하돈면,한식,미공개,262,qkr****,7,"너무 맛있고 양도 많으면서 저렴해서 너무 만족스러운 식당이었습니다! 집으로 포장까지 해왔습니다!!
잘 먹었습니다",23.11.4.토,0
"https://map.naver.com/p/entry/place/1807428763?c=15.00,0,0,0,dh",맥주집,"맥주,호프",미공개,167,강폭풍ㅇ,41,안주 종류가 엄청 많아요! 오늘은 안 먹었지만 여기 연어가 맛있어요 ㅎㅎ 많이 먹어봤어요 연어랑 떡볶이! 그리고 그 칠면조 다리도 맛있어요 ㅎㅎ 소맥도 따로 팔고 하이볼도 팔아서 좋아용. 다트 게임도 할 수 있어서 좋아요. 안주도 맛있어요~~,2.21.금,0
"https://map.naver.com/p/entry/place/1027735028?c=15.00,0,0,0,dh",지하술집,요리주점,4.79,52,요들이리뷰를지배한다,1,"?학교 앞 분식 10,000원
?소주 5,000원
지하술집만의 특별한 메뉴가 있어서
주문해서 먹었는데
메뉴판이랑 다르게 나와서
좀 띠용? 했어요.. 계란초가 없어졌어요..
저 날만 없앤건지 아님 아예 없앤건지는
모르지만.. 아쉽더라구요.
기본안주는 닭다리과자로 나와요! 매우 만족
학교 앞 분식 메뉴가 조금 달라진 거
빼고는 만족했습니다 :)
:)",23.10.19.목,0
"https://map.naver.com/p/entry/place/1953650417?c=13.00,0,0,0,dh",두루정 인하대점,한식,미공개,418,소금4098,27,"와 맨날 고민하다가 방문했는데
진작 와볼걸 하고 후회되네요
고기가 너무 부드럽고 맛있습니다",9.28.일,0
"https://map.naver.com/p/entry/place/1673075723?c=13.00,0,0,0,dh",헤드라이너,바(BAR),미공개,285,또잉또잉뿅뿅,13,술도 너무 예쁘게 나오고 맛있어서 술 잘 못 먹어도 즐기면서 먹기 좋았어요 ❤️ 사장님도 잘생기시고 친절하게 메뉴 추천 해주셔서 마음 편히 좋은 시간 보내고 갑니다! 인테리어도 하나하나 신경 쓴게 너무 많이 보여서 앉아있는 것만으로도 많이 힐링 되었어요! 인하대 펍 찾으면 헤드라이너로 오세요 ❤️ ,23.3.11.토,0
"https://map.naver.com/p/entry/place/1715794350?c=13.00,0,0,0,dh",카페밥엔술,양식,미공개,77,jiw****,65,리조또도 너무 맛있고 피자가 모짜렐라 백프로라 손에꼽게 맛있었어요!! 블랑 생맥주도 있어서 같이 맛있게 먹었습니다. 사장님도 친절하시고 매장 분위기도 좋았어요!!! 잘 먹고갑니다,5.31.토,0
"https://map.naver.com/p/entry/place/1044258426?c=13.00,0,0,0,dh",화경양꼬치,양꼬치,미공개,249,별탱구,25,"양꼬치 고기 이렇게 실한곳이 있다니!!
육즙도 풍부하고 진짜진짜 맛있어요
꿔바로우 겉바속촉!!
향라새우는 처음 먹어봤는데
정말 맛있게 먹었어요👍🏻👍🏻
두번세번 추천드립니다👍🏻👍🏻",24.1.7.일,0
"https://map.naver.com/p/entry/place/1424888459?c=13.00,0,0,0,dh",양궈푸마라탕 인하대점,마라탕,미공개,330,오땅콩버터,39,음식이 너무 맛있고 매장이 너무 깨끗하고 부쩍부쩍하니 재료 순환이 빠른거 같아 더 안심하고 잘 먹었습니다 . 사장님이 엄청 친절하세요 ㅋㅋ,2.26.수,0
"https://map.naver.com/p/entry/place/1912001285?c=15.00,0,0,0,dh",청담족발,"족발,보쌈",미공개,486,라이프스토리64,21,여자친구랑 배부르고 맛있게 먹고 갑니다. 양이 너무 많아서 남기고 포장해갔네요 다음에 시간되면 또 갈거 같아요,24.12.25.수,0
"https://map.naver.com/p/entry/place/1590101380?c=13.00,0,0,0,dh",타슈켄트,터키음식,미공개,23,bbaragi98,298,"인하대 맛집 ""타슈켄트"" 추천해요. 우즈베키스탄 분들이 운영하시는데, 약간 우즈베키스탄 가정식 같은 느낌ㅋ
할랄 음식들을 만날 수 있고요.
케밥이랑 타바카치킨, Dena주스 먹었는데 맛있더라고요.
특별히 호불호 없을 맛이예요.
아! 직원분들 친절하세요ㅎㅎ 한두분 한국말 쪼금하시고, 한국어랑 영어 섞어서 얘기하면 다 알아들으세요^^
담엔 샤슬릭 먹으러 가봐야지~~~",23.12.12.화,0
"https://map.naver.com/p/entry/place/1044258426?c=13.00,0,0,0,dh",화경양꼬치,양꼬치,미공개,249,678****,81,"여기 양꼬치 리얼 맛도리입니다🥹
이렇게 부드러운 양꼬치는 처음먹어봐요!!
재방문 의사 200%😃",23.12.29.금,0
"https://map.naver.com/p/entry/place/1963692965?c=15.00,0,0,0,dh",정인곱창 인하본점,"곱창,막창,양",4.77,418,jjinilove1,9,"진짜 정말정말 맛있어요!!!!!!!!
2층에 있어서 이런맛집을 모를까 싶은데 손님이 많으시네요. !!
정말 나만 알고 싶은 집ㅠ이제 곱창 막창집은 여기밖에 생각이 안나고 다른데는 못 먹을것 같아요!!강추추추추!!!!김치말이국수도 완젼 꿀맛♡
밥두번볶아드세요!!!!!!!번창하세요!!!",9.27.토,1
"https://map.naver.com/p/entry/place/36271040?c=15.00,0,0,0,dh",이모떡즉석떡볶이,떡볶이,4.64,464,쵸90,133,"설명할 필요가 없는 즉떡 맛집이에요!✨
이모님도 항상 친절하셔서 기분좋아요!!
양이 많아서 매번 조금씩 남길정도로 양이많아요!!! 존맛 ㅠㅠ",23.2.20.월,0
"https://map.naver.com/p/entry/place/1963692965?c=15.00,0,0,0,dh",정인곱창 인하본점,"곱창,막창,양",4.77,418,떡꾹,63,"인하대후문에서 소곱창구이 찾고 계시면
정인곱창 고고하세용👍
진짜 가격도 착하고 반찬 구성도 알차요
가성비 굳 .. 곱창도 잡내 없이 맛있어요!!!!
인하대 학생들은 곱창 머글거면 여기로 모이삼 ㅎ",23.11.12.일,0
"https://map.naver.com/p/entry/place/1715722424?c=15.00,0,0,0,dh",인하 주먹고기,돼지고기구이,미공개,429,프리지아닉넴내껀데,1,"주먹고기 전문점이지만 갈매기살이 먹고 싶어서 방문했어요
직원들 모두 친절하세요.센스있게 앞치마도 말하기전 가져다주시고 감사요.
갈매기살은 살짝 아쉬웠어요 조금 퍽퍽하더라구요
다음에 대표메뉴 주먹고기 먹으러 다시 방문할게요^^
잘먹었어요~",23.8.13.일,0
"https://map.naver.com/p/entry/place/1479468560?c=15.00,0,0,0,dh",한창희천하일면 인하대점,국수,미공개,395,hss****,9,"혼자서 방문해서 맛있게 식사하고 갑니다!
혼자서 혼밥하기 정말 좋은곳으라고 느끼고 친구들과도 함께 와도 너무 좋은 매장입니다.가성비도 너무 좋고 양도 많아서 너무 좋았어요!",8.8.금,0
"https://map.naver.com/p/entry/place/209263656?c=13.00,0,0,0,dh",신촌샤브샤브,샤브샤브,4.68,182,seoung,376,"샤브샤브의 국물이 깔끔하고 깊은 맛이 있어 맛있게 먹을 수 있었어요. 신선한 재료들이 풍부하게 들어 있어 만족스러웠고, 매장 분위기도 아늑해서 편안하게 식사할 수 있었습니다. 직원들도 친절해서 기분 좋게 이용했어요. 😊",3.21.금,0
"https://map.naver.com/p/entry/place/1574688174?c=15.00,0,0,0,dh",솥고기67번길,돼지고기구이,미공개,557,kys****,7,오늘도 가족끼리 불금을 맞이해서 맛있는 저녁 먹으러 나왔는데 역시 저희 삼겹살 단골집으로 왔어요~ 원래 야구 틀어주시는데 오늘은 우천취소된 관계로 음악을 틀어주셨네용ㅎ 음악이 너무 제 스타일이에요ㅋㅋ 편하게 먹고갑니다~,10.9.목,0
"https://map.naver.com/p/entry/place/1801858940?c=13.00,0,0,0,dh",하하돈면,한식,미공개,262,ocozzang,118,"간간히 돈까스 생각날때마다 오는 곳이에요.
요즘 시대에 가성비 좋고, 양이 푸짐해서 매번 배불리 먹고 갑니다. 셀프바도 있어서 편하게 리필하며 먹을 수 있고 화장실도 가게 안에 있어서 편하네요 ㅎㅎ",24.2.26.월,0
"https://map.naver.com/p/entry/place/1294587914?c=13.00,0,0,0,dh",레오펍 인하대점,피자,4.68,564,Yyyeeeennnnn,70,레오펍 너무 맛있어요ㅠㅠ 가성비고 사장님도 정말 친절하십니당 인하대 피자 가성비 맛집이에요💕,11.2.일,0
"https://map.naver.com/p/entry/place/20550561?c=15.00,0,0,0,dh",닭살부부,"치킨,닭강정",미공개,327,itiss,1,"인하대 후문 찐 맛집!! 목삼겹&파무침 조합 기막힌맛 ㅠㅠ; 가성비 좋구 맛도 좋고!!
다만 매장 내부는 좁은편이고 좌석이 많이 없기 때문에 정신없는 느낌이 있는 점 참고하시면 좋을 것 같아요.",23.4.1.토,0
"https://map.naver.com/p/entry/place/1963692965?c=15.00,0,0,0,dh",정인곱창 인하본점,"곱창,막창,양",4.77,418,wxyu999,18,"곱창 생각나서 또 여기로 왔습니당!!!
오늘은 남자친구랑 남자친구회사상사분도 같이 왔는데 엄청 맛있다고 하네용ㅎㅎㅎㅎ 항상 올때마다 소곱창 소대창 돼지생막창 이 세개는 무조건 시킵니당 뭐하나안먹을수가 없어요ㅠㅠ 아 그리고 소3인분 시키면 대창100g 서비스 아직도 하고있다니ㅠㅠ 너무 좋아용
그리고 김치말이국수!!! 더워져서 그런지 시원하고 더 맛있어요 ㅎㅎㅎ 볶음밥도 이번엔 치즈추가해서 먹었는데 2배로 맛있어져요💓💓 항상 친절하신 사장님 직원분땜에 기분좋게 먹다가 옵니당~~~~",5.19.월,1
"https://map.naver.com/p/entry/place/1554486915?c=13.00,0,0,0,dh",돈우리식당,"육류,고기요리",미공개,17,adg674915,21,여기진짜 매번오지만 가성비짱짱👍👍 이모도 친절하시고  음식은 물론 모든음식이 다맛있어요!!!👍👍❣️ 1주일에4번은 오는것같아용 !! 뭐먹을지 걱정안하고 와도될것같은음식점중 하나입니다! 저는 인하대에서 제일 맛있는 고기집인것같아용🩷,6.18.수,1
"https://map.naver.com/p/entry/place/1032865736?c=13.00,0,0,0,dh",국민정서 인하대후문점,요리주점,미공개,409,광8955,6,인하대역 근처에 이만한 맛집 이만큼 오래하는 술집 없어용 술먹을거면 꼭 여기 올거 같아요 다음에 또올게요!!!,9.19.금,0
"https://map.naver.com/p/entry/place/1623784940?c=13.00,0,0,0,dh",또취,요리주점,미공개,453,jsw7901,7,"안주 너무 맛있고 직원분들 사장남 너무 친절해요 !! 생각날때마다 꼭 방문하는 분위기 깡패 또취 ,,",24.9.26.목,0
"https://map.naver.com/p/entry/place/2009691902?c=15.00,0,0,0,dh",디탕 인하대점,베트남음식,미공개,376,dob****,29,여러번 재방문한 단골집! 오픈때부터 자주 찾아갔는데 음식 너무 맛있고 특히 꿰이 무한리필 먹을 수 있어서 너무 좋아요.,9.27.토,0
"https://map.naver.com/p/entry/place/1963339780?c=13.00,0,0,0,dh",바베큐하우스,"치킨,닭강정",미공개,28,tus****,266,바베큐 전문점 지인들과 같이 방문 했는데 매장 인테리어도 멋지고 음식이 정말 맛있어요 분위기 내기에 최고 입니다 조만간 모임으로 또 갈려구요,23.3.28.화,0
"https://map.naver.com/p/entry/place/1963692965?c=15.00,0,0,0,dh",정인곱창 인하본점,"곱창,막창,양",4.77,418,솔로거,451,"돼지막창 먹으러 갔는데 너무너무 고소하고 맛있었어요
잡내없이 쫄깃한 막창을 먹을 수 있습니당
볶음밥도 맛있고 인하대 오래된 맛집 다워요~",24.5.15.수,0
"https://map.naver.com/p/entry/place/1574688174?c=15.00,0,0,0,dh",솥고기67번길,돼지고기구이,미공개,557,찌니3086,287,인하대고기맛집이라해서왔는데 단체모임하기에도 넓은공간에 맛도있고 가성비맛집인거같아요 너무든든하게먹었어요,24.9.28.토,0
"https://map.naver.com/p/entry/place/1426778024?c=15.00,0,0,0,dh",아재불닭발 인하대점,닭발,미공개,354,제로코크콜라,14,친구들이 맛있대서 와봤는데 너무 맛있어요!! 다음에 다른 친구들이랑 또 올게요~ 계란찜부터 레전드임니다,10.2.목,0
"https://map.naver.com/p/entry/place/1426778024?c=15.00,0,0,0,dh",아재불닭발 인하대점,닭발,미공개,354,안정호23,5,학교 근처라 한 번 가봤는데 정말 맛있고 사장님이 친절합니다 ㅎㅎ 친구들끼리 연인끼리 가도 정말 좋을거같아요~~,3.2.일,0
"https://map.naver.com/p/entry/place/1102006774?c=13.00,0,0,0,dh",샐러리아 인하대점,"다이어트,샐러드",미공개,634,Hailey4192,79,"너무 신선하고 맛있어요 🙊❤️
앞으로 단골될 것 같아요 생연어샌드위치 최고 ⚡️❤️⚡️❤️",24.10.30.수,0
"https://map.naver.com/p/entry/place/1090243948?c=13.00,0,0,0,dh",와이키키피자,피자,미공개,326,junheiii,23,매장도 쾌적하고 데이트하기 좋아요! 피자양도 많고 맛있습니다! 매장 안쪽에 앉을 곳이 잘 되어있어서 좋아요😄,9.26.금,0
"https://map.naver.com/p/entry/place/16408337?c=13.00,0,0,0,dh",인하각,중식당,미공개,543,뫼르소의 Vision life,1,맛있게 먹었어용ㅎㅎㅎ 근데 배달이 좀늦어서 면이 좀불었었는데 그래서그런지 양념이 더 잘베서 맛있게먹엇어요,23.2.26.일,0
"https://map.naver.com/p/entry/place/87238504?c=15.00,0,0,0,dh",계속 쪼르면,종합분식,미공개,938,워렌버핏처럼,75,진짜 인생 떡볶이네요! 오랜만에 근처 사는 친구 만나러 왔다가 친구다 여기 맛집이라해서 방문했다가 맛에 반해 리뷰까지 남겨요ㅎㅎ 양념 너무 강하지 않으면서 적당히 달콤매콤하니 딱 제취구요 튀김까지 국물에 찍어먹으니 핵존맛이었습니다^^,21.1.19.화,0
"https://map.naver.com/p/entry/place/1985104923?c=13.00,0,0,0,dh",운반미,베트남음식,미공개,25,tth****,2,"Quán ăn ngon như ăn ở Quê Hương Việt Nam
반미 넘 맛있어요.",24.7.26.금,0
"https://map.naver.com/p/entry/place/1536964052?c=13.00,0,0,0,dh",한상,한식,미공개,347,희주93,9,새로 생겨서 가봤는데 가격도 싸고 매장도 넓고 음식도 맛있었어요! 밑반찬 구성이 너무 좋았고 앞으로 자주 갈 거 같아요,3.27.목,0
"https://map.naver.com/p/entry/place/1623784940?c=13.00,0,0,0,dh",또취,요리주점,미공개,453,kda****,12,"매장도 넓고 알바생들이 친절해요!!
잘생기고 예쁜 알바생들이 많아여.!!!!!!
닭한마리 완전 맛있어요 강추합니다
다음에 또 올게요",24.8.19.월,1
"https://map.naver.com/p/entry/place/1102006774?c=13.00,0,0,0,dh",샐러리아 인하대점,"다이어트,샐러드",미공개,634,미며며,40,"벌써 4일 연속 샐러리아 입니다..
단골이라고 할 수 있죠.
오늘은 케이준 포케에 멕시칸치폴레입니다.
다들 한번 드셔 보시길.",24.12.9.월,0
"https://map.naver.com/p/entry/place/37658191?c=13.00,0,0,0,dh",국제식당 인하대본점,이자카야,4.66,445,대다니몬,1,말필요없다 ! 싸고 맛있고 혜자스러운 양까지 !!! 진짜 먹은 재미 쏠쏠한 국제식당 오늘도 인증 ㅎㅎ,20.3.25.수,0
"https://map.naver.com/p/entry/place/36271040?c=15.00,0,0,0,dh",이모떡즉석떡볶이,떡볶이,4.64,464,뽀요의탐방,395,"사장님이 너무친절하심!
맛은 대박맛있음 많이안달아서 더맛있음!
순대튀김도 맛있고 볶음밥도 많이주셔갖구 맛나게 잘먹었습니다!
다음에또 들러보도록하겠슴다><♡♡",23.12.2.토,1
"https://map.naver.com/p/entry/place/20550561?c=15.00,0,0,0,dh",닭살부부,"치킨,닭강정",미공개,327,hey****,193,학생 때 자주 가던 곳이었는데 이사간 후 몇 년만에 재방문했어요. 맛은 그때만 못했지만 그래도 나쁘지 않았어요.,23.1.7.토,0
"https://map.naver.com/p/entry/place/2098595079?c=13.00,0,0,0,dh",행컵 인하대점,"도시락,컵밥",미공개,273,iidn,4,양 많고 혼밥하기 좋아요! 시간 부족할 때 빠르게 먹거나 간단하게 먹고 싶을 때 오면 좋을거 같아요!!,5.23.금,0
"https://map.naver.com/p/entry/place/1711877761?c=13.00,0,0,0,dh",코피아,이탈리아음식,미공개,536,zan****,98,베이컨 볶음밥은 정말 노릇노릇하고 많은 재료가 들어가 있는 느낌! 게살로제파스타는 적당히 매콤하고 하나도 안느끼하고 맛있었어요.,24.2.29.목,0
"https://map.naver.com/p/entry/place/1878533608?c=13.00,0,0,0,dh",빙그레정육식당 인하대본점,"육류,고기요리",미공개,651,멍냥멍냥70,38,사장님 너무너무 친절하시구 맛나구 가격도 진짜 저렴해요ㅠㅠㅠㅠ 소문만 듣다 첨 왔는데 앞으로 자주 올게요!! ㅎㅎ,3.23.일,0
"https://map.naver.com/p/entry/place/1403450091?c=18.31,0,0,0,dh",하이볼마또,퓨전음식,미공개,587,짱춤댄서,89,"인하대 맛집 물회랑 김치삼겹봌음밥 정말 맛있었어요
또 일본감성 각종 인테리어소품에 포스터까지 음악까지도 완벽했던 곳이네요~!",24.8.3.토,0
"https://map.naver.com/p/entry/place/1403450091?c=18.31,0,0,0,dh",하이볼마또,퓨전음식,미공개,587,and****,6,"시험 끝나자마자 제일 오고 싶은 술집 1위!!!!!
연어도 너무 맛있도 분위기도 좋아요
인후 술집 완전 추천!!!!♥",4.23.수,1
"https://map.naver.com/p/entry/place/1772330524?c=13.00,0,0,0,dh",롤링파스타 인하대점,"스파게티,파스타전문",미공개,252,오렌지망고7,391,매장 분위기도 좋고 가성비도 좋지만 손님이 밀려서 그런지 양파랑 마늘이 덜 익어서 좀 아쉬웠어요,22.10.12.수,0
"https://map.naver.com/p/entry/place/1160082772?c=15.00,0,0,0,dh",투다리 인하대후문점,"오뎅,꼬치",미공개,72,청룡리스,12,"안녕하세요..인하대 청룡리스입니다.. 오늘 투다리 방문 해봤는데요....요즘 시끄러운 술집도 많고 그런데 차분하고 진대하기 정말 좋았고 무엇보다 음식맛이 너무 맛있었습니다
또 저같은 아저씨들은 먹태 좋아하는데 빠싹하니 너무 좋았습니다..감사합니다",10.8.수,0
"https://map.naver.com/p/entry/place/1418606976?c=15.00,0,0,0,dh",순목,요리주점,미공개,52,성은7,24,가게가 넘 아늑하고 예뻐요! 인후에 이런 술집이 생겼다니😍 음식도 맛있고 사장님도 짱 친절하세요,24.1.10.수,0
"https://map.naver.com/p/entry/place/1403450091?c=18.31,0,0,0,dh",하이볼마또,퓨전음식,미공개,587,Ahsho,34,양도 많고 특히 치킨난반 맛집입니다..!! 볶음밥은 약간 매콤한데 그래서 더 맛있어요!! 노래도 일본 노래만 나와서 매우매우 좋아요 ㅎㅎ,24.11.3.일,0
"https://map.naver.com/p/entry/place/1953650417?c=13.00,0,0,0,dh",두루정 인하대점,한식,미공개,418,orchidstar,57,"돼지김치 짜글이 2인분 시켰습니다!
인하대 후문에 짜글이 집이 없어서 서운했는데 새로 오픈해서 와봤습니다 👏
돼지고기 감칠맛이랑 얼큰해서 너무 좋아요
고기도 큼직큼직해서 씹는맛이 좋고 밑 반찬도 맛있네요
완전 추천 ⭐️⭐️⭐️⭐️⭐️",24.8.2.금,0
"https://map.naver.com/p/entry/place/1530232206?c=13.00,0,0,0,dh",동대문엽기떡볶이 인천인하대점,분식,미공개,107,xi****,203,"다 좋은데 홀이 꽤 큰 것에
비해 물통이 따로 준비되어 있지 않은 점이 아쉬워여ㅠㅠ
그리고 한겨울인데 히터를 안키시는징 ㅜㅜ 너무너무 춥습니다..🥶🥶🥶",24.1.23.화,0
"https://map.naver.com/p/entry/place/34551133?c=13.00,0,0,0,dh",숭의갈비,"육류,고기요리",미공개,113,aa2766874,725,사장님 바뀌고는 처음 가봤네요. 고기맛은 전이랑 비슷하게 달지 않아서 좋았어요. 가격은 1.5배가 되어있었지만...,23.1.17.화,0
"https://map.naver.com/p/entry/place/1878533608?c=13.00,0,0,0,dh",빙그레정육식당 인하대본점,"육류,고기요리",미공개,651,리리구55,38,"고기도 신선하고 직원분도 친절하세요
가격이 저렴해서 걱정했는데 맛있어요!
또 방문할 예정입니다
",24.5.31.금,0
"https://map.naver.com/p/entry/place/124642557?c=13.00,0,0,0,dh",오하요,일식당,미공개,539,리오11,1,"돈부리가 맛있고 밥 양이 모자라면 퍼다 먹을 수 있어서 든든하게 먹을 수 있네요
인후라서 가격도 괜찮은 편이고 한 끼 맛있게 먹을 수 있습니다",24.9.30.월,0
"https://map.naver.com/p/entry/place/1406506965?c=15.00,0,0,0,dh",하노이별 인하대점,베트남음식,미공개,430,쵸90,133,"와씨 미쳤어요 마라 쌀국수 이거 완전 혁신이에요,,, 꼭드세요,,, 개맛있음 ㅜㅠㅠㅠ
양도 진짜많고 국수 면도 맛있어요!!!!
인하대에서 쌀국수 하면 무조건 하노이별!⭐️
팟타이도 존맛탱❤️❤️",23.3.2.목,1
"https://map.naver.com/p/entry/place/1381954440?c=15.00,0,0,0,dh",주접집,요리주점,미공개,322,엔돌핀루이,1,항상 넘 친절하시고 주종목 피자랑 파스타가 젤 맛있음. 전문 양식레스토랑 이상 맛있음. 치즈도 듬뿍~~서비스도 자주 챙겨주심. 너무 인기가 많아서 손님이 많은 까닭에 시끄러운 편이긴 함. 시원함 넘어서 에어컨이 넘 세서 여자손님들은 담요 다 두르구 있음. 추워여여~,8.10.일,0
"https://map.naver.com/p/entry/place/1192755747?c=13.00,0,0,0,dh",신흥갈비,"육류,고기요리",미공개,133,호날두준,557,"완전맛집!!! 김치도맛있고 고기도맛있고 짱맛탱👍
한달안에 대박나서 웨이팅길어질 맛집!!
🥺🥺🥺제가 자주가께요🥺🥺🥺👍",21.4.23.금,0
"https://map.naver.com/p/entry/place/1710907962?c=13.00,0,0,0,dh",뭉클로 샌드위치 디저트,샌드위치,미공개,140,오렌지512,16,"다이어트 중이어서 샐러드 간단히 먹으려고 첫 방문했어요!! 인후에 이런 샐러드나 샌드위치가 있는 줄 몰랐는데 샐러드랑 드레싱 종류도 고를 수 있고 샌드위치 종류도 다양하더라구여!! 참고로 저 병아리콩?같은 게 아쥬 고소하구 맛있더라구용 재료도 신선한게 느껴져서 좋았구요ㅎ 아마 앞으로 단골이 될 것 같은 느낌이..ㅎ가격도 이 구성에 8000원 이하면 진짜 말 다했다고 생각합니다! 리뷰도 잘 안쓰는데 너무 가성비 좋고, 맛있는, 분위기있는 카페 찾은 것 같아서 남겨요!! 오래오래 샐러드,샌드위치 팔아쥬세요🥹 다음엔 음료도 먹어볼려구용 잘 먹었습니다 :)",23.2.8.수,1
"https://map.naver.com/p/entry/place/1595117576?c=13.00,0,0,0,dh",금별맥주 인하대점,"맥주,호프",미공개,112,다아웡,28,"매장도 엄청 크지 않고 적당해서 편하게 와서 회식하기 좋네요!!!
음식도 맛있기도 하고 가격도 적당해서 자주 찾게 되네요!! 항상 감사합니다😁",24.5.18.토,0
"https://map.naver.com/p/entry/place/1801858940?c=13.00,0,0,0,dh",하하돈면,한식,미공개,262,북인천직업전문교육원,1,"인하대에 볼일있어서 왔다가 앞에는 다 프랜차이즈길래
골목으로 들어와서 와봤는데!!
너무 맛있습니다. 가격도 좋고 역시 대학생주머니 생각하시는 사장님의 마인드!!",10.29.수,0
"https://map.naver.com/p/entry/place/1678525038?c=13.00,0,0,0,dh",삼청당 인하대점,분식,미공개,620,박하ss,1,"와사비 매콤어묵. 묵은지. 삼청당.
3가지 김밥이 맛의 차이가 없네요ㅜ
밥은 간이안된듯..어묵도 양념이 전혀
베이지 않아 맹탕. 시큼하기만한
묵은지...이렇게 아무맛도 안나는
김밥 처음이에요. 건강한 재료도
좋지만 무엇보다 맛이 있어야
한다는 생각입니다.
기대했는데 너무 아쉬웠어요.",23.5.13.토,0
"https://map.naver.com/p/entry/place/1957094833?c=15.00,0,0,0,dh",포케품은초밥 인하대점,"초밥,롤",미공개,416,그럼에도 불구하고84,84,"송도로 자주 먹으러 갔는데 동네에 생겨서 너무 좋아요.
넉넉하게 간단히 깔끔하게 한끼 해결하기 좋습니다.^^
#초밥#포케#우동
#보리차#고양이",3.13.목,0
"https://map.naver.com/p/entry/place/1470889138?c=13.00,0,0,0,dh",화양연화,요리주점,미공개,636,힙포12,13,"육회가 진짜 맛있고 직원분들도 너무 친절하시고
술도 다양하고 인하대에서 술 한잔 하고 싶다 하시면 바로 달려가세용!! 꿀꿀했는데 기분 완전 좋아져서 갑니다 번창하세요 사장님~!!",23.5.26.금,1
"https://map.naver.com/p/entry/place/1470889138?c=13.00,0,0,0,dh",화양연화,요리주점,미공개,636,하이밍25,128,"분위기가 너무 좋아요 분위기깡패❤️‍🔥
음식도 다양하고 비주얼 좀 보세요 미쳤어요
게다가 가성비까지 겸비한 대학생들을 위한 최고의 술집 화양연화 또 와야지~~🌹🌺",24.8.15.목,0
"https://map.naver.com/p/entry/place/1426778024?c=15.00,0,0,0,dh",아재불닭발 인하대점,닭발,미공개,354,o5orlae,12,왜안오지 왜안먹지 사장님 최고 닭발 최고 인하대에서 여기 아니면 어디가서 닭발 먹지... 다들 아재불닭발 인하대점 ㄱㄱ 존맛!! ????????????,9.20.토,0
"https://map.naver.com/p/entry/place/1179949244?c=13.00,0,0,0,dh",비원,요리주점,미공개,23,eoehd9948,169,분위기 너무 좋아요ㅎㅎ특별한 느낌이고 분위기 있어서 보는 재미가 있어요 계단 내랴가는 길이 낮아요 조심히 내려가셔야하고 대신 머리 닿는 부분이 충격 안가게끔 되어있어서 안심!! 안주는 치즈불닭 오뎅전골 시켰는데 치즈 불닭은 소스가 좀 더 있었음 했고 닭고기가 좀 아쉬웠구요 오뎅전골 맛있었어요 요청 사항 잘 들어주셔서 감사해요ㅎㅎ하이볼 종류가 많아요 사장님이 자신있게 말씀 주셨는데 정말 .. 맛있더라고요ㅎㅎ굿굿 피자는 치즈가 좀 더 늘어났으면 했지만 맛은 좋았습니당 서비스 너무 감사해요 ㅠ 나쵸 짱맛!!! 아 새로 술도 들여놓으먄 좋을거 같아용 분위기가 특별해서 좋아요..친절하시공 잘 먹고 가요 ㅠ.ㅠ 담번에 또 올게요!!!!,24.3.9.토,1
"https://map.naver.com/p/entry/place/1480205995?c=15.00,0,0,0,dh",탕화쿵푸 인천인하대점,마라탕,미공개,62,고 모,809,맵찔이들 0.5단계 주문하고 생각보다 빨개서 놀랬는데 보기와는 다르게 맵지 않네요. 숙주는 상태가 좋은데 팽이버섯이 좀 이상해요.(차마 말씀 못 드렸…) 매장은 깨끗하고 관리가 잘된 곳이라 마음에 들었어요.,24.5.10.금,0
"https://map.naver.com/p/entry/place/1307296974?c=13.00,0,0,0,dh",마포생갈비 용현점,"육류,고기요리",4.63,216,has****,556,"자주 가는 맛집~~~~~
맛있어용 ~~~아이고 맛있는 계란찜 사진이 없네요
계란찜도 푸딩처럼~~~~~",24.4.12.금,0
"https://map.naver.com/p/entry/place/1470889138?c=13.00,0,0,0,dh",화양연화,요리주점,미공개,636,뽀요의탐방,395,"인하대 화양연화 가성비좋은 술집이라 학생들한테도 추천드리고 싶어요! 그리고 맛도 좋고 음식이 양이 많아서 제스타일이였어오 쿨~♡ 다음에 또들러서 그땐 마라전골먹어야겠어요 ㅎㅎ
",24.1.27.토,0
"https://map.naver.com/p/entry/place/1424888459?c=13.00,0,0,0,dh",양궈푸마라탕 인하대점,마라탕,미공개,330,RN9560,27,새로생긴지 얼마 안 되어서 매장도 깨끗해요 음식도 맛있어요 밥 셀프로 원하는 만큼 먹을 후 있어서 좋아요,3.7.금,0
"https://map.naver.com/p/entry/place/1380205483?c=13.00,0,0,0,dh",에그드랍 인하대점,샌드위치,미공개,872,hhssuu,33,"에그드롭 베이글류 맛 괜찮아요 ㅎㅎ!!🤍 라떼랑 먹으니까 엄청 든든해요~
달달한거 먹고 싶을땐 햄에그, 단백질 걱정 되고 담백한거 먹고 싶을땐 참치가 좋은 것 같아요!",6.29.일,0
"https://map.naver.com/p/entry/place/1678525038?c=13.00,0,0,0,dh",삼청당 인하대점,분식,미공개,620,윤준표,7,새로생긴곳이다보니 인후에서 가장 깨끗한 매장인 것 같아요. 1인 세트도 있어서 혼자 먹기도 좋고 김밥만 아니라 분식 메뉴도 맛있어요!!,23.5.2.화,0
"https://map.naver.com/p/entry/place/38548187?c=15.00,0,0,0,dh",영지숯불갈비 본점,돼지고기구이,미공개,435,슬기로운뇽뇽씨,271,"🥩갓성비 돼지갈비맛집 영지숯불갈비🥩
갓성비! 양도많은데 맛있기로 유명한 영지 숯불갈비! 달달하구 숯불에 구워서 맛있었어요. 냉면도 맛보기냉면으로 술안주할수도 있고, 맛보기 육회도 너무 맛있었어요! 강추 👍🏻🍴",23.11.21.화,0
"https://map.naver.com/p/entry/place/21497659?c=15.00,0,0,0,dh",산쪼메 인하대점,일본식라면,미공개,844,zc****,36,"산초메 라면 매운맛이 너무너무 맛있어요
국물도 진하고 매운맛 선택했더니 적당히 칼칼해서 느끼함도 잡아줘요
친구가 먹은 돈코츠라멘도 국물이 찐해서 근본 그자체였어요
토리카라아게도 맛있고 서비스 멘보샤도 최고!
밥은 무료라서 양껏 먹을 수 있어요
가성비 좋고 맛있는 산초케라면 강추합니다^^",9.21.일,0
"https://map.naver.com/p/entry/place/1381954440?c=15.00,0,0,0,dh",주접집,요리주점,미공개,322,먀먀먹깅,280,"너무 맛있고 항상 와두 친절하세요오 🤍 인하대 술집 5번 오면 4번은 주접집 오는듯,, 모든 안주가 다 맛있어유 이제 진짜 다 먹어본듯",9.9.화,0
"https://map.naver.com/p/entry/place/38548187?c=15.00,0,0,0,dh",영지숯불갈비 본점,돼지고기구이,미공개,435,pre****,1,"양이 정말 많네요.
가성비 맛집입니다.
직원분들도 정말 친절하세요.
다만 주차가 좀 힘드네요. 주차 공간이 없어서 시간 많이 소비했어요",24.11.12.화,0
"https://map.naver.com/p/entry/place/1715794350?c=13.00,0,0,0,dh",카페밥엔술,양식,미공개,77,yej****,25,"늦은시간까지 운영해서 좋아요ㅎㅎ
평소카페만 이용해보다가 친구랑 밥도 먹었네요
카페쿠폰도 주셔서 센스있다고 생각했습니다:)
인테리어도 예뻐요",4.10.목,0
"https://map.naver.com/p/entry/place/1878533608?c=13.00,0,0,0,dh",빙그레정육식당 인하대본점,"육류,고기요리",미공개,651,OHSUSU,14,인하대 근처에서 소고기 먹고 싶을 때 빙그레정육식당 완전 추천드립니다 … 🔥 맛있고 가성비도 있고 !! 매장도 넓어서 단체로 오기도 좋을 것 같아요 ♡ 자주 올게요 ~,4.1.화,1
"https://map.naver.com/p/entry/place/1880447979?c=13.00,0,0,0,dh",세구네술집,요리주점,미공개,54,toy****,2,음식이 너무 맛있고 가격도 싸고 분위기도 좋아요‼︎ 요즘 인하대 후문에서 먹을 때는 항상여기에 가요.,23.1.10.화,0
"https://map.naver.com/p/entry/place/1673075723?c=13.00,0,0,0,dh",헤드라이너,바(BAR),미공개,285,김태홍89,2,술이 맛있고 시그니처 메뉴 중에 쳇베이커가 가장 인상깊었습니다. 친구랑 진대하러 오기도 좋고 연인이랑 오기 좋은 곳 같아여 술이 잘생기고 사장님이 맛있습니다.,24.5.15.수,0
"https://map.naver.com/p/entry/place/36271040?c=15.00,0,0,0,dh",이모떡즉석떡볶이,떡볶이,4.64,464,리아아아,24,"물이 아닌 야채 육수로 맛을 낸다고 써 있던데 진짜로 고급스런 야채 육수 맛이 났습니다.
일단 맛있어요 ~^^**
튀김도 맛있고 ~
가격도 저렴하고 양도 많아요 ~^^***
그리고 하루종일 일하시느라 힘드실텐데
제가 저녁 7-8시쯤 갔는데 항상 친절 하셨어요 ~^^*!!",22.10.29.토,0
"https://map.naver.com/p/entry/place/1192755747?c=13.00,0,0,0,dh",신흥갈비,"육류,고기요리",미공개,133,호날두준,557,"손님많았는데도 사장님 친절하시구👍
고기도 너무 맛있었고 밑반찬도 너무 맛있었어요
#인하대 맛집 #생갈비맛집 #찐맛집",21.6.5.토,0
"https://map.naver.com/p/entry/place/1491726550?c=13.00,0,0,0,dh",정직유부 인하대점,분식,미공개,215,마스터오브퍼펫40,4,"마눌느님이 만들어주는 유부초밥이 최고인줄 알았는데 여기 유부초밥이 쪼끔 더 맛있음. 유부초밥의 묘미는 안에 뭐가 들어가 있는지 모르고 먹는 맛. 그 맛을 잘 느끼게 해줌. 무슨 맛인지 설명해주는 카드를 주지만 난 안봄. 블고기맛과 참치마요가 최고. 얼큰 우동과 정직우동, 아주 정직한 맛의 우동. 유뷰처밥 먹는데 국물은 있어야 제맛. 결론, ”살찔까봐 고민할 시간에 한개라도 더먹자“(업주 주장임)",23.1.5.목,0
"https://map.naver.com/p/entry/place/1470889138?c=13.00,0,0,0,dh",화양연화,요리주점,미공개,636,vmt****,73,"이가격에 이 퀄리티 너무 놀랍네여~ 학교 근처라 그런지 가격경쟁력 완전 짱짱!!
근데 또 맛도 장난 아니여~~ 학생들도 많고 활기찬 분위기였어요!!!
직원분도 넘나 친절하시고 파인샤베트도 옴총 맛있어요~~ !!! 음식 제대로 나오는 찐 맛집❤️❤️👍👍",24.2.17.토,1
"https://map.naver.com/p/entry/place/1426778024?c=15.00,0,0,0,dh",아재불닭발 인하대점,닭발,미공개,354,SY0217,15,인하대 후문 닭발 맛집!! 국물닭발 먹었는데 너무 맛있었어요 푸딩 계란찜도 호로록 먹어서 매울때 딱 먹어줘서 기분 좋았어요 불향도 나서 먹는 순간순간 기분이 너무 좋았습니다 다음에 또 방문 할게요!!,9.16.화,0
"https://map.naver.com/p/entry/place/1878533608?c=13.00,0,0,0,dh",빙그레정육식당 인하대본점,"육류,고기요리",미공개,651,송도대 쩝박과 김조교,212,"[대존맛] 안녕하세요. 김조교입니다.
리뷰가 너무 좋은 집이라 검증하러 나왔습니다.
일단은 고기가 꽤 괜찮아요. 프라임등급인데 숯불에 먹으니 매우 괜찮았구요.
거의 마트에서 사는 가격에 소고기 꽤꽤 괜찮게 먹을 수 있어요.
이 집 킥은 된장찌개랑 냉면입니다.
된찌는 정말 옛날 된장으로 만든 녹진~~함이 느껴지구요. 저는 좀 짜서 물을 좀 넣긴했는데요.
기본적으로 된찌안에 있는 고기 버섯등 재료가 미쳤어요
함흥냉면은 찐 함흥냉면이더라구요. 비냉 먹었는데 아주 꽤나 많이 맛있었어요.
차인턴이랑 소쥬 4병 까고 이렇게 다 먹고 7만2천원 나왔네요..(매우 저렴)
근데 문제는 사람이 없어서 걱정이에요.
학생들이라 아무래도 부담스러운가봐요.
이런 집 돈쭐 좀 내줍시다! 상당합니다 여러분!!!",10.28.화,0
"https://map.naver.com/p/entry/place/1623784940?c=13.00,0,0,0,dh",또취,요리주점,미공개,453,Matyun,29,"기본안주가 두부김치라는 점에서부터 넘사벽입니다!!!! 😻
근처 학교 다녀서 정말 자주 오는데 올 때마다 즐겁게 놀다 가용 플리 맛집이에요!! 😍
카닭이랑 닭한마리가 근본입니다...",24.8.16.금,1
"https://map.naver.com/p/entry/place/1328025347?c=13.00,0,0,0,dh",스며듦 튀김수육,요리주점,미공개,50,zosel147,8,신랑과 함께 새로운 곳이 생겨 방문한 곳이에요~ 스며듦의 시그니처 대표메뉴인 튀김수육과 부추전 그리고 골뱅이소면을 먹었어요~  처음에 기본 안주로 주시는 순두부찌개가 나왔는데 따뜻할 때 너무 먹기 좋더라구요~ 친절하신 사장님께서 오셔서 직접오셔서 튀김수육 먹는 법도 알려주신 덕에 더 맛있게 먹었습니다~ 어둡지 않은 카페분위기여서 인지 아이 데리고 와도 될 것 같아요~ 아이가 먹을 메뉴들도 있어 좋았어요^^ 그래도 분위기맛집인 만큼 데이트로 오시는게 좋을 것 같습니다~  다음번에도 데이트 하러 재방문 할게요^^,24.3.13.수,0
"https://map.naver.com/p/entry/place/1392141383?c=19.19,0,0,0,dh",효자동솥뚜껑 인하대점,돼지고기구이,미공개,608,지현2490,12,새로 생깅 인하대후문 솥뚜겅 고기집! 맛있다고 소문났길래 가족들이랑 같이 왔어요!!! 일행이 조금 늦어서 기다리는데도 친절하게 응대해주셨고 고기 너무 맛있어요ㅜㅜ 고기도 두툼하고 사이드 메뉴도 너무 알차요👍👍,6.4.수,0
"https://map.naver.com/p/entry/place/1621793170?c=15.00,0,0,0,dh",오드룸,바(BAR),미공개,48,sar****,1,"분위기 좋고 가성비도 좋은 칵테일바였어요
칵테일 종류가 정말 다양했어요
다시 방문할예정입니더",23.10.18.수,0
"https://map.naver.com/p/entry/place/1767613585?c=15.00,0,0,0,dh",뼈앓이감자탕 용현점,감자탕,미공개,242,나1558,7,처음 이용해보는데 가게가 청결하고 직원분들이 친절해요! 양도 많고 맛있습니다! 친구랑 저녁 먹기 좋아요~,10.5.일,0
"https://map.naver.com/p/entry/place/1403450091?c=18.31,0,0,0,dh",하이볼마또,퓨전음식,미공개,587,룰루랄랄ㄹㅇㅇ,33,인하대 후문 술집 맛집인 하이볼 마또! 양도 푸짐하고 맛있어서 가성비 있는 이자카야 맛집이예요! 대학가 근처라 활기차서 에너지를 받을 수 있어요! 특히 직원들이랑 사장님들도 친절하고 활기차서 너무 좋았어요 가게 분위기도 넘나 좋아서 단체로 가도 너무 좋은 거 같아요!,24.7.12.금,0
"https://map.naver.com/p/entry/place/1470889138?c=13.00,0,0,0,dh",화양연화,요리주점,미공개,636,정우탄,362,메뉴들 다 가성비 넘치고 맛있어요! 메뉴도 다양하고 금액대도 착해서 이것저것 주문해서 먹기 좋은듯 합니다ㅎㅎ 여기 대표메뉴 마라전골 세상 맛있었어요ㅎㅎ 은은한 마라맛이고 세지않아 좋았어요! 크림새우도 달달새콤하니 맛있었습니다! 인하대 후문에 있어서 사람들 많을 것 같아요! ,24.1.7.일,0
"https://map.naver.com/p/entry/place/1574688174?c=15.00,0,0,0,dh",솥고기67번길,돼지고기구이,미공개,557,무너우,3,정말 맛있어요 고기도 싸고 맛나네요 야채가 무한리필이라 더욱 맛있게 먹었어요 야채 종류도 다양해 좋네요,3.27.목,0
"https://map.naver.com/p/entry/place/1133615983?c=13.00,0,0,0,dh",왕돈까스,돈가스,미공개,445,인천남동구민51,199,요즘 물가가 올라서 대학가 물가도 덩달아 오르다보니 학생들이 이 돈 주고 먹기엔 부담되겠다 싶다..나도 고민을 하고 먹게 되는데... 그래도 요즘 같은때에 음료수 맘껏 먹으면서 맛난 돈까스 먹을 수 있는데가 없으니 어찌보면 좋은 음식점이기도 한 곳.. ,24.2.14.수,0
"https://map.naver.com/p/entry/place/36271040?c=15.00,0,0,0,dh",이모떡즉석떡볶이,떡볶이,4.64,464,지금이재,703,"즉떡 중에선 이모떡이 가장 맛있어요!
가격은 1인분에 5천원이라 엄청 저렴하고 양도 많은 편이라 먹고나면 배불러요~
튀김도 엄청 바삭바삭하고, 이모님 친절함도 너무 좋아용",2.28.금,0
"https://map.naver.com/p/entry/place/1294155308?c=13.00,0,0,0,dh",진화쿵푸마라탕,중식당,미공개,717,eric959851,10,"가격도 저렴하고 내부도 깨끗해요! 맵기도 1,2 고민하고 있었는데 1.5단계도 해주셨어요! 꽃방튀김도 맛있고 마라탕도 맛있게 먹고 갑니당!! ",22.9.22.목,0
"https://map.naver.com/p/entry/place/1715794350?c=13.00,0,0,0,dh",카페밥엔술,양식,미공개,77,뇽뇽묭1,3,"인후 이런 곳이 있는지 몰랐어요!!! 카페더스토리 원래 몇 번 이용했었는데 2층에 이런 공간이 새로 생겨서 큰 기대없이 밥만 먹고 카공하러왔는데 카공은 무슨 사장님이랑 대화하며 술마시느라 시간가는줄 모르고 떠들고 왔어요😂 사장님께서 인생 선배로써 해주시는 말씀들 너무 인상깊었고 진짜진짜 다음번에 친구들 데리고 우르르 다시 오기로 약속했슴다 ㅠㅠ 요리들도 다 매장에서 직접만드셔서 하나같이 다 맛있고 술도 다양하고 가게에 있는 모든 인테리어부터 음식, 술, 식기 하나하나에 정성과 애정이 가득한게 느껴져서 너무너무 좋았던 곳입니다.. 인후에 있기 아까울 만큼 너무 괜찮은 곳이니 다들 한번씩 방문해보세여... 후회하지 않으실겁니다...  행복한 시간을 선물해주셔서 너무 감사합니다 사장님🥹 진짜 또 방문할게요!!!!",1.14.화,1
"https://map.naver.com/p/entry/place/1403450091?c=18.31,0,0,0,dh",하이볼마또,퓨전음식,미공개,587,zeu****,5,"일본 현지 느낌이라 너무 좋고 맛도 너무 좋아요 🔥🔥
인하대 근처라 술먹으러 오기 너무 좋아여❤️❤️",24.4.4.목,0
"https://map.naver.com/p/entry/place/1424888459?c=13.00,0,0,0,dh",양궈푸마라탕 인하대점,마라탕,미공개,330,공실이235,11,가게가 넘 깔끔하고 음식도 맛있어요!! 적당히 매워서 좋아요 ㅎㅎ 자주 갈듯해요!!!❤️❤️,7.1.화,0
"https://map.naver.com/p/entry/place/1032865736?c=13.00,0,0,0,dh",국민정서 인하대후문점,요리주점,미공개,409,asy****,27,"김치찜 먹어보고 싶어서 왔는데 분위기도 좋고, 직원분들도 너무 친절하신거같아용 ㅎㅎ
그리고 가격도 꽤 합리적이고, 이런 술집생겨서 너무 좋은거같아용. 처음와봤는데 앞으로도 쭉 올것같아용",2.18.화,0
"https://map.naver.com/p/entry/place/1032865736?c=13.00,0,0,0,dh",국민정서 인하대후문점,요리주점,미공개,409,모찌뭉,18,"가성비 진짜 좋구 너무 맛있어요.
묵은지가 전라도김치라 너무 맛있어요!
양도 되게 많고 분위기도 좋구 두번오고 싶네요!",24.10.11.금,0
"https://map.naver.com/p/entry/place/1574688174?c=15.00,0,0,0,dh",솥고기67번길,돼지고기구이,미공개,557,현아6621,117,고기가 정말 부드럽고 냄새도 안나요 양도 많고 맛있었어요! 직원분들도 친절하시고 특히 대형 스크린이 있어서 야구라든가 축구라든가 등등 경기를 보면서 먹기에 좋을가같아요 인하대 후문 맛집으로 강추합니다 ,24.6.2.일,0
"https://map.naver.com/p/entry/place/1912001285?c=15.00,0,0,0,dh",청담족발,"족발,보쌈",미공개,486,우현송,4,족발 양도 정말 많고 특히 매운 족발은 맛있게 매워서 매운 거 잘 못 먹는 저도 맛있게 먹었습니다!!,4.27.일,0
"https://map.naver.com/p/entry/place/1623784940?c=13.00,0,0,0,dh",또취,요리주점,미공개,453,isj****,3,"음식이 친절하고 사장님이 맛있어요
전반적으로 음식이 맛있고 분위기가 좋아서 맨날 놀러오고 싶어요
단체도 좋고 친구나 연인도 좋고 특히 솔로분들은 다양한 이벤트가 있어서 들어올 땐 혼자지만 나갈 때는 둘이 될 것만 같은 가게네용 왕추천 합니다 ^^",23.6.24.토,0
"https://map.naver.com/p/entry/place/1878533608?c=13.00,0,0,0,dh",빙그레정육식당 인하대본점,"육류,고기요리",미공개,651,kwo****,2,고기 퀄리티 너무 좋아서 자주오고싶어요. 친구들이랑 와보고 좋았어서 남자친구도 데리고 왔어요. 직원분들도 너무 친절하셔요. 잘먹고 갑니당,10.11.토,0
"https://map.naver.com/p/entry/place/87238504?c=15.00,0,0,0,dh",계속 쪼르면,종합분식,미공개,938,박진이50,33,"여기저기 다녀바도 계속쪼르면 집 떡볶이가 최고에요!!
국물떡볶이에 김말이 튀김 찍어서 먹으면
느끼하지 않고 맛있어요~!",21.2.18.목,0
"https://map.naver.com/p/entry/place/1912001285?c=15.00,0,0,0,dh",청담족발,"족발,보쌈",미공개,486,예쁘냥,533,요즘 너무 덥다보니  애들이 밖에 나가는걸 싫어해서  배달  시켜  먹기 시작한지 얼마안됐는데  간편하고 편리하고   좋네요 ㆍ잘먹었습니다 ㆍ,24.8.21.수,0
"https://map.naver.com/p/entry/place/36004062?c=13.00,0,0,0,dh",맛사랑,한식,미공개,403,Edwang,38,"😡 정말 음식점에서 이렇게 기분 나쁘게 하는 건 처음이라 다른 사람들을 위해 글을 써놓고 갈게요.
(이건 비방이 아니라 팩트입니다. 허위사실 유포면 신고하십쇼)
1. 혼자 왔다고 하니까 한숨쉬며 궁시렁거림
(이때부터 반말 시작)
2. 설거지 장갑을끼고 음식을 가져다줌 ❓❓
(주방에선 설거지 소리가 들림)
3.음식 : 생고기 김치찌개 시켰는데 옆가게보다 맛이 비교불가로 없음 (그냥 개짜기만함) 그렇다고 고기양은 옆가게에 비해 절반도 없음 (육안으로 확인 가능함 물론 옆집이 많이 주긴함)
4. 맛도 없고 기분만 나빠서 결제하고 나가려는데 테이블 내 물건을 보고 쓰레기 왜 두고가냐함 ->텀블러가 쓰레기 ????(😡😡)
5. 영수증 주세요 하니까 “영수증 줘?” 하면서 반말로 되물음
결론) 왜 안가는지 알겠음…",24.5.11.토,0
"https://map.naver.com/p/entry/place/1406506965?c=15.00,0,0,0,dh",하노이별 인하대점,베트남음식,미공개,430,오호라999,140,대학가주변이라 양도 많고 잘먹었어요. 사장님 친절하셨고 팟타이는 제가 생각한 팟타이가 아니에요 ㅠ 신맛이 너무 강했어요 ㅠ,22.2.13.일,0
"https://map.naver.com/p/entry/place/1807428763?c=15.00,0,0,0,dh",맥주집,"맥주,호프",미공개,167,iIiiin,24,"레몬생맥주!! 이거 먹고 싶어서 맥주집 와요
맛있고 분위기도 좋아서 친구들이랑 오거나 단체 모임에 강추합니다~~~😀",2.25.화,0
"https://map.naver.com/p/entry/place/1392141383?c=19.19,0,0,0,dh",효자동솥뚜껑 인하대점,돼지고기구이,미공개,608,fow****,30,"초등아이랑 왔는데 너무 맛있어요.~^^
계란찜 된장찌개도 구성에 포함이라 더 좋네요.
또 방문 예정입니다.~~",8.25.월,0
"https://map.naver.com/p/entry/place/1711877761?c=13.00,0,0,0,dh",코피아,이탈리아음식,미공개,536,soheeda,570,"차돌박이 로제파스타, 연어크림파스타, 감자튀김 주문했어요
차돌박이도 연어도 푸짐하게 올려주셨고
적당히 꾸덕한 소스들이라 면과 잘 어울렸어요
감자튀김도 바삭하니 소스와 잘 어울려서 맛있게 식사했습니다",22.5.22.일,0
"https://map.naver.com/p/entry/place/1403450091?c=18.31,0,0,0,dh",하이볼마또,퓨전음식,미공개,587,Xok890,64,분위기가 짱 좋아요 기본 안주도 맛있어유!! 일본 가고 싶을 때 여기 오면 딱일 것 같애요!! +가격도 저렴해요!,24.7.24.수,0
"https://map.naver.com/p/entry/place/87238504?c=15.00,0,0,0,dh",계속 쪼르면,종합분식,미공개,938,checkIt,1,"정말 음식점 이름처럼 계속 남친 쫄라서 오고싶네요.  남친이랑 인하대 근처에서 만나 놀다가 우연히 알게된 맛집인데, 가격대비 양도 많고 푸짐하게 잘 먹고 갑니다. 고기쫄면은 쫄면의 아삭하고 상큼하면서 매콤한 맛을 고기가 들어가면서 살짝 눌러줘서 달달하면서 조화로운 맛이났구요. 옛날돈까스는 돈까스 크기도 크면서 바삭바삭하고 소스가 맛이 정말 특이했는데 정말 옛날에 할머니가 해주신 돈까스를 먹는 느낌이었습니다. 크기도 커서 남친과 둘이먹기에 충분했습니당. 재방문 의사 있습니다!",20.11.24.화,0
"https://map.naver.com/p/entry/place/20753378?c=15.00,0,0,0,dh",지지고 인천 인하대점,"도시락,컵밥",4.51,508,seoung,376,"지지고 인하대점은 불고기와 치즈가 어우러져 맛있게 즐길 수 있었어요. 양도 푸짐하고, 매장 분위기도 아늑해서 편안하게 식사할 수 있었습니다. 직원들도 친절하게 응대해주셔서 기분 좋게 이용했어요. 😊",3.27.목,0
"https://map.naver.com/p/entry/place/1403450091?c=18.31,0,0,0,dh",하이볼마또,퓨전음식,미공개,587,김다삐,31,"냠냠굿~🥰🥰 너무 맛있다!!!!!!! 연어를 직접 잡고 직접 숙성해서 그런지 입에서 살살 녹아용👍 인후 연어 원탑 인정합니다
#인하대맛집 #인하대술집 #인하대이자카야",24.7.16.화,0
"https://map.naver.com/p/entry/place/2009691902?c=15.00,0,0,0,dh",디탕 인하대점,베트남음식,미공개,376,yur****,208,항상 맑은육수 쌀국수만 먹다가 매운쌀국수 주문했는데 역시 맛있네요 👍   항상 믿고 먹는 디탕입니다. 몇 번을 방문해도 반쎄오는 항상 필수주문!!  밥류는 돌려가면서 먹어보고있는데 현재 껌승이 1등입니다!인천에서 베트남요리 제일 잘 하는 맛집 디탕 추천드려요,10.11.토,0
"https://map.naver.com/p/entry/place/1715794350?c=13.00,0,0,0,dh",카페밥엔술,양식,미공개,77,최원철5314,20,"음식 맛있고 인테리어도 이뻐요~
지하는 공부할 수 있는 카페이고, 2층은 밥이랑 술도 먹을 수 있어서 좋아요!!",1.16.목,0
"https://map.naver.com/p/entry/place/1384879006?c=13.00,0,0,0,dh",라향각마라탕 인하대점,중식당,미공개,429,부도콜리,91,"그동안 마라탕집 리뷰 꽤 올렸는데,
드디어 공개합니다 제 최고의 마라탕집❗❗❗
(영수증 찾아왔다...)
단언컨대 인하대후문 최고 맛집!!!
여기는 다닌지 수년은 되었고 두말할 필요도 없습니다. 제 최최최최애.
한 숟가락 들면 딱 '아 이게 쭝궈의 맛인가?' 싶어요. 물론 중국 가본 적은 없습니다. 특유 향신료가 잘 느껴지면서 너무 짜지도 맵지도 않습니다. 맛있어요.
장점 : 너어어어무 맛있다.
단점 : 가게가 저희 집에서 너무 멀다.
친구랑 방문하기도 무난하고 혼밥하기에도 적당합니다. 위치상(인하대 인근) 혼밥하러 오는 대학생들이 많은 것 같았어요. 배달도 잘 되는지 배달기사들이 수도 없이 들락날락...",21.12.19.일,0
"https://map.naver.com/p/entry/place/20550561?c=15.00,0,0,0,dh",닭살부부,"치킨,닭강정",미공개,327,김만성57,54,"닭살부부는 인하대 최고 맛집입니다. 목삼겹이 맛있고 파무침 추가하세요~ 파무침이 굿굿!
여직원분이
정말! 친절하세요~",23.7.21.금,0
"https://map.naver.com/p/entry/place/224003039?c=13.00,0,0,0,dh",소울림 왕족발 보쌈,"족발,보쌈",4.65,162,lim****,93,"배민 후기가 좋아서 냉채족발 중 포장했는데 구성 좋고 양많고 채소도 싱싱 재료 안 아끼시네요 짱 맛있음 또 가려구요 사장님 친절하셔서 기분 좋게 먹음
사진엔 없지만 샐러드도 한팩더",21.3.31.수,0
"https://map.naver.com/p/entry/place/31371994?c=15.00,0,0,0,dh",콩불 인하대점,"육류,고기요리",미공개,283,븅화,1,"언제 먹어도 맛있는 콩불❤️ 이번에는 오삼콩불 먹었어요 반찬도 맛있고 오삼콩불, 치즈볶음밥도 최도😋",23.10.3.화,0
"https://map.naver.com/p/entry/place/21474881?c=13.00,0,0,0,dh",숯불구이먹방,"육류,고기요리",미공개,384,쩝쩝박사 말랑띠,1,"밥먹다가 식탁에 바선생 출몰해서 뛰쳐나왔어요
다먹어가서 망정이었지.. 근데 그것도 찝찝함.. ㅋㅎ
다시안갈래여..",21.10.2.토,0
"https://map.naver.com/p/entry/place/1227121732?c=15.00,0,0,0,dh",돈마니,돈가스,미공개,179,Muyaho23,54,인하대 올 때마다 자동적으로 들리는 곳. 가성비 미쳤는데 심지어 맛도 있음. 돈까스 제육이 주력인데 의외로 김치콩나물국 맛집임,24.12.3.화,0
"https://map.naver.com/p/entry/place/1711877761?c=13.00,0,0,0,dh",코피아,이탈리아음식,미공개,536,정짱이야,273,양도 푸짐하고 구성도 완벽해요 로제소스도 촉촉하고 게살의 은은한 맛이 느껴져서 넘 맛있었고요 베이컨칠리볶음밥도 초딩입맛인 제 입맛을 저격했어요!!달달하고 살짝매콤해서 존맛이네요 사장님도 친절하셔서 자주 방문하려고용👍😀,23.8.13.일,0
"https://map.naver.com/p/entry/place/1470889138?c=13.00,0,0,0,dh",화양연화,요리주점,미공개,636,윰미94,25,마라전골이 진짜 맛있어서 국물 계속 퍼먹었고요 하이볼도 음료수같이 진짜 맛있어요 인테레어 디자인도 예쁘고 또 올 의사가 있습니다!!,2.19.수,0
"https://map.naver.com/p/entry/place/1294155308?c=13.00,0,0,0,dh",진화쿵푸마라탕,중식당,미공개,717,기차는파랑,7,"맛있습니다. 친절하시고, 야채 종류가 다양해서 더욱 좋습니다, 다른 마라탕집과 다른 메뉴가 있어서 더욱 좋았습니다. 또 올께요:)",22.9.14.수,0
"https://map.naver.com/p/entry/place/1294155308?c=13.00,0,0,0,dh",진화쿵푸마라탕,중식당,미공개,717,qkr****,464,현장에서 먹으면 2만원 넘으면 꿔바로우도 서비스로 주심 진짜 가성비 미쳤고 10번 이상 온 맛집임. 마라샹궈 전국 탑티어;;,1.14.화,0
"https://map.naver.com/p/entry/place/1939722709?c=13.00,0,0,0,dh",덮수룩,한식,미공개,149,TIE25,9,"정말 맛있어서 자주 오는 곳이에요~~
양도 많고 혼밥 하기에도 너무 좋아요😁
덮밥 좋아하신다면 강추!!!",6.4.수,0
"https://map.naver.com/p/entry/place/1032865736?c=13.00,0,0,0,dh",국민정서 인하대후문점,요리주점,미공개,409,min****,12,"너무 땡겨서 휴무날 재방문 !
김치찜 땡겨서 왔는데 김치찜 너무 맘에 들어서 다른 음식은 맛이 어떨까?! 하고 이번에는 된장술찌개 시켜봤는데 역시 맛있어요 사장님 요리 잘하시는 듯 !
모든 메뉴 다 먹어보고 싶어졌어요 도장깨기하러 올게요 ~
오늘도 맛있게 먹고 갑니다.",7.3.목,0
"https://map.naver.com/p/entry/place/1866654241?c=15.00,0,0,0,dh",멘야토리 라멘,일본식라면,미공개,150,박상훈님,520,"인하대 후문 근방 라멘집
유즈시오라멘,탄탄멘 겁나 맛있네요ㅎㅎ
오픈주방이라 더 맛있게 먹었습니다.
아!!면,밥 추가무료여서 주문했는데 면,밥 추가 주시는게 무료라고 할수 없을정도로 성의 있게 주셔서 진짜 기분좋게 맛있게 먹었어요~
나머지 메뉴도 한번씩 먹으러 갈 예정 입니다^^
진짜 잘먹었습니다👍👍",9.21.일,0
"https://map.naver.com/p/entry/place/1779644079?c=15.00,0,0,0,dh",짝노패밀리,요리주점,미공개,76,uc****,17,"인하대에서 짝노패밀리말고는 논할 곳이 없습니다. 진짜 올 때마다 매번 육회, 버터문어다리, 해장라면, 순두부찌개, 간장계란밥 꼭 시켜먹는데 진짜 개맛있습니다! 고민중이라면 꼭 오세요!!! 후회X 개존맛!",21.5.22.토,1
"https://map.naver.com/p/entry/place/1090243948?c=13.00,0,0,0,dh",와이키키피자,피자,미공개,326,김현지8255,32,와이키키 피자집 처음와봤는데 안에 취식존도 있고 너무 맛있어요!! 맛도 다양한데 다 반반피자됩니다!! 갓나와서 바삭하고 맛있어요 ㅠㅠ! 매장 깔끔해서 추천드려요!!,3.13.목,0
"https://map.naver.com/p/entry/place/1294155308?c=13.00,0,0,0,dh",진화쿵푸마라탕,중식당,미공개,717,gae****,2,사장님이 정말 친절하시고 시험기간 끝나고 오기 딱 좋아요! 후식 아이스크림까지 준비되어 있어서 완전 추천합니다!!아 그리고 꿔바로우도 서비스로 주시는데 진짜 맛있어요!!,1.15.수,1
"https://map.naver.com/p/entry/place/1776211168?c=13.00,0,0,0,dh",삭금,요리주점,미공개,118,ll8665,24,"일주일에 한 번씩은 꼭 들르는 곳입니다. 건강하면서도 맛있는 음식이 먹고 싶을 때, 자극적인 외식이 질렸을 때, 정성스레 차려진 한 상이 생각날 때 오면 좋습니다. 직원분도 너무 친절하셔서  여기를 방문할 때마다 기분이 좋아지네요. 앞으로도 오래오래 장사해주세요☺️",23.9.22.금,0
"https://map.naver.com/p/entry/place/1519638894?c=13.00,0,0,0,dh",별난만두,만두,미공개,290,뫼르소의 Vision life,1,집에 밥이 애매하게있어서 김밥하우스 갈라했는데 쉬는날이길래 만두가게에도 김밥팔길래 김밥 사서 먹었어요❤️ 집에서 콩나물국에 먹었는데 맛있었어요~~,3.27.목,0
"https://map.naver.com/p/entry/place/1032865736?c=13.00,0,0,0,dh",국민정서 인하대후문점,요리주점,미공개,409,서연9053,25,"길 가다가 사람많고 분위기 좋아보여서 들어왔는데 사람 많아도 생각보다 시끄럽지도 않고 무엇보다 분위기가 좋아서 최고에요! 안주도 많고 물 대신 헛개차 나오는게 제일 맘에 들었어요 ㅎ 노래도 좋고 사장님도 친절하십니당
데이트 코스로 술 한잔하기 딱 좋아요! 갬성 미쳤",3.22.토,0
"https://map.naver.com/p/entry/place/1470889138?c=13.00,0,0,0,dh",화양연화,요리주점,미공개,636,미똔이,412,홍콩 느낌 가득나는 이색적이고 힙한 인테리어에요 ㅎㅎ 다양한 중국음식을 맛볼 수 있는 술집이라서 1차로도 2차로도 즐기기 좋아보여요! 마라탕이랑 꿔바로우 세트는 말해모해✨ 구성이 좋고 양이 많아서 깜짝 놀랬어요 얼큰하고 깊은 맛 나는 마라탕에 쫀득한 꿔바로우의 조합은 완벽했어요! 인하대 술집 추천드립니다 :),10.2.목,0
"https://map.naver.com/p/entry/place/1307296974?c=13.00,0,0,0,dh",마포생갈비 용현점,"육류,고기요리",4.63,216,puddingfish,29,"고기 신선하고 너무 맛있어요🥹
밑반찬이랑 다른 음식들도 너무 맛있습니다!!
사장님도 왕친절하세요💗",3.16.일,0
"https://map.naver.com/p/entry/place/1711877761?c=13.00,0,0,0,dh",코피아,이탈리아음식,미공개,536,s899s,317,"인하대 16 화석입니다..🐚
새내기때부터 제일 아끼던 인후 파스타 맛집❤️‍🔥
그리운 코피아 3년만에 방문했는데, 사장님도 음식 맛도 모두 그대로라 울컥했어요🥹
후배님들 코피아 오래오래 영업하실 수 있도록 많이 애용해주셔요🥰 (로제파스타 강추🧡)",24.10.6.일,0
"https://map.naver.com/p/entry/place/1410620403?c=13.00,0,0,0,dh",청년다방 인하대점,분식,미공개,571,전 화 위 복,1,"솔직리뷰!
1.청년다방은 국물떡볶이 업계에 최고로 깔끔하게 맛있다라고 생각되는 프렌차이즈다.
2.특히, 불차돌은 누구나 좋아할 맛이며, 떡도 굉장히 부드럽고 길쭉하니 식감이 꽤 괜찮다.
3.국물은 얼큰하고 달달하여 밥이랑 먹어도 괜찮을 듯 하다.
4.튀김의 경우 갓튀겨낸 튀김이기이 굉장히 바삭하고 떡볶이 국물에 찍어 먹으면 더욱 맛나게 즐길 수 있다.
5.배달이 가능한 곳이기에 보통의 점심, 저녁 시간에 가면 밀린 배달때문에 음식이 늦게 나올 수도 있다.
6.적당히 많은 테이블들이 있고 깔끔한 인테리어를 가진 매장이다.
",22.8.26.금,0
"https://map.naver.com/p/entry/place/1398227881?c=13.00,0,0,0,dh",시장을여는사람들 인하대점,요리주점,미공개,44,형이야아아,1,시장을 여는 사람들이 핫하다해서 학교 술집 거리에 있어서 아무생각없이 홀린듯 4명에서 가서 짬뽕이 베스트 메뉴이길래 시켰는데 😱 술가온나!!! 추가로 치밥을 시켰는데 응 이번엔 소맥가져와~~ 못참아버렸습니다. 마무리로 치즈볼을 먹어주고 불량식품을 먹었는데 보는 것 만으로도 추억이 새록새록 나서 친구들과 옛추억이야기 하다보니… 🤮개만취가 되어 돌아왔습니다!! 노래도 완벽쓰~~ ,23.12.1.금,1
"https://map.naver.com/p/entry/place/1623784940?c=13.00,0,0,0,dh",또취,요리주점,미공개,453,얌하랑,52,"레트로한 분위기도 좋았는데 안주까지 맛있더라구요!
특히 주뎅탕이 이름처럼 주전자에 오뎅꼬지가 나오는데 계속 뜨끈하게 먹을 수 있어서 굿👍🏻술 마시다보면 이야기한다고 안주가 식을 때가 있잖아여ㅋㅋㅋ국물 얼큰하게 요청드렸는데 진짜 왕얼큰해서 맛있었구 오뎅도 두툼하고 소스도 맛있었어여 오돌뼈랑 참치주먹밥도 간이 딱 맞아서 오랜만에 맛있는 오돌뼈 먹었네용 ㅠㅠ 둘의 조합 난 찬성일세😳튀김류 중에 베스트인 닭껍질튀김은 겉바속촉한게 맥주가 계속 들어가여 여기가면 안주 다 맛있어서 메뉴 하나하나 다 뿌시고 싶어져요🥹❤️",24.8.15.목,0
"https://map.naver.com/p/entry/place/1403450091?c=18.31,0,0,0,dh",하이볼마또,퓨전음식,미공개,587,1butterf1y,9,연어 너무 맛있어여 최고!!!!!!!! 연어만생각하면하이볼마또생각나요분위기도좋고술마시기너무좋아요간술이든뭐든,5.17.토,0
"https://map.naver.com/p/entry/place/87238504?c=15.00,0,0,0,dh",계속 쪼르면,종합분식,미공개,938,오늘은 선물,96,"저렴한 가격에 맛도 좋아요
개인적으로 새우볶음밥이 정통 중국 볶음밥처럼 꼬들꼬들한 맛으로 나와서 좋아요
국물떡복기에 젹셔 먹으면 좋아요
참고로 2024년말까지 할인행사 합니다.
사진은 거의다 먹을때 찍었어요,
보는 분들께 죄송합니다",24.3.1.금,0
"https://map.naver.com/p/entry/place/1710907962?c=13.00,0,0,0,dh",뭉클로 샌드위치 디저트,샌드위치,미공개,140,Cutipongg,108,"근처에 거주하지는 않지만 친구랑 올 일 있을때 마다 방문합니다
넘넘 맛있어서 다른 분들도 꼭 드셔보셨으면 좋겠어용!❤️
매장이 잘 꾸며져있어서 앉아서 먹으면 기분도 매우 좋아진답니다😝😌
강츄합니당",21.9.13.월,0
"https://map.naver.com/p/entry/place/1801858940?c=13.00,0,0,0,dh",하하돈면,한식,미공개,262,쿠망19,68,오랜만에 방문했는데 여전히 신선하고 맛은 더 깊어졌네요 그리고 오면 항상 손님이 있는 거보니 이미 맛있다고 소문이 난 것 같아요 ㅎ,24.11.2.토,0
"https://map.naver.com/p/entry/place/1574688174?c=15.00,0,0,0,dh",솥고기67번길,돼지고기구이,미공개,557,yum****,179,인하대 후문에서 제일 좋아하는 삼겹살 집이에요! 양도 많고 싸고 무엇보다 고기질이 너무 좋아서 맛있답니다🩷 ,23.11.26.일,0
"https://map.naver.com/p/entry/place/1536964052?c=13.00,0,0,0,dh",한상,한식,미공개,347,댓알럽,17,너무 맛있었어요ㅠㅠㅠ 다음에는 다른 것도 먹어보고 싶은 맛‼️ 인하대 최고 맛집으로 추천해요☺️,3.20.목,0
"https://map.naver.com/p/entry/place/32434663?c=13.00,0,0,0,dh",알촌 인하대점,퓨전음식,미공개,601,dalpoo,497,가성비 정말 좋은 알밥집 지난주엔 일주일 동안 두번이나 감ㅋㅋ 근데 화장실 위생 신경 써주셨으면.. 놀랐어요..ㅠㅠ,21.3.26.금,0
"https://map.naver.com/p/entry/place/1595117576?c=13.00,0,0,0,dh",금별맥주 인하대점,"맥주,호프",미공개,112,다아웡,28,"항상 모임이나 단체 술자리 할 곳이 필요할 때 생각나는 곳이에요!! 분위기도 너무 좋고 안주도 가격도 적당한데 맛은 그 이상이라 너무 좋아요😍😍
즐겁게 마시다가 갑니다 감사합니다!!!!",24.4.6.토,1
"https://map.naver.com/p/entry/place/34551133?c=13.00,0,0,0,dh",숭의갈비,"육류,고기요리",미공개,113,킬키스요,763,가성비 좋고 사장님의 친절이 한결 같으십니다. 오늘은 돌미나리가 특별메뉴였습니다.  초무침으로 주셨고 고기와 곁들이기 좋았습니다. ,23.5.11.목,0
"https://map.naver.com/p/entry/place/1470889138?c=13.00,0,0,0,dh",화양연화,요리주점,미공개,636,goe****,13,"분위기도 너무 좋고 장소도 쾌적해서 친구들이랑 술마시기 너무 좋은 장소 같아요!!
음식도 진짜 맛있당..",4.28.월,0
"https://map.naver.com/p/entry/place/36379444?c=13.00,0,0,0,dh",팥지콩지,한식,4.18,226,세인트폴,9,"콩국수 팥칼국수 전부 최고입니다!
김치도 직접 담그시는거같은데 조합이 정말 좋아요
단골 확정입니다!",22.8.6.토,0
"https://map.naver.com/p/entry/place/1393528546?c=15.00,0,0,0,dh",무한리필삼겹의난,돼지고기구이,미공개,312,bmy****,9,"완죤 맛있어요
고기냄새 1도 안남.
기름기도 쫙빠져서 고소합니다
김치랑 콩나물도 구워서 아삭아삭 ..
재방문의사 100000000%
된장찌개는 구수한 오리지널 찌개맛 !!!
공기밥 시키니까 찌개는 걍 나오네요
온가족이 배터지게 먹고 이가격이면 .. 짱 !!!
잘 먹었습니다",21.1.17.일,1
"https://map.naver.com/p/entry/place/1406506965?c=15.00,0,0,0,dh",하노이별 인하대점,베트남음식,미공개,430,dbw****,82,"정말 너무 오랜만에 맛있는 쌀국수 먹었습니다!
쌀국수에 분짜랑 튀김까지...
양이 다 어마어마해요ㅋㅋㅋㅋㅋㅋㅋㅋ
쌀국수 국물은 진짜 계속 들어가고
분짜는 맛이 너무 강하지 않아서 좋았어요!
튀김은... 종류가 너무 많아서 하나씩 다 먹어보니 배가 터질것만 같았습니다...!!",24.11.16.토,0
"https://map.naver.com/p/search/entry/place/1549973015?c=15.00,0,0,0,dh",인하중국집,중식당,미공개,152,해60,22,"배민으로 여러 번 시켜 먹었던 집이에요.
중국집 중에서 단연코 1위라고 할 수 있는...
가격도 착해서 정말정말 애용합니다.
오늘은 마감시간이 다 되어가서 일부러 매장가서 포장했어요!!",22.5.20.금,0
"https://map.naver.com/p/entry/place/1393528546?c=15.00,0,0,0,dh",무한리필삼겹의난,돼지고기구이,미공개,312,JinWoo Kim,10,인하대에서 무한리필인데 이런 고깃집은 없어요. 물가가 싸기로 유명한 인하대후문에서 이 가격에 이렇게 식사가 가능한 곳은 전무후무합니다. 진짜로 고기 품질이 일반 삼겹살 가게와 비교해도 우수하고 서비스도 매우 친절해서 꼭 다시 방문할 의사가 충분한 곳입니다. 특히 처음 고기 구울때 해주시는 불쇼는 마치 서커스를 방불케하는 퍼포먼스이라고 말할 수 있습니다. 올해 4월에 새로 오픈한 곳이라 대학생들의 취향을 저격했다고 봅니다. 배달은 소곱창전골을 주로 하시는데 (상호명은 전골의법칙) 배달의 민족 평점 5.0으로 매우 특색있는 맛을 자랑합니다. 리뷰를 쓰신다고 하면 우삽겹을 서비스로 주시니 이런 음식점은 세상에 여기밖에 없을껍니다. 삼겹살 뿐만 아니라 소곱창 전골까지 맛볼 수 있는 무한리필 삼겹의 난으로 오세요~.,20.8.15.토,0
"https://map.naver.com/p/entry/place/1192755747?c=13.00,0,0,0,dh",신흥갈비,"육류,고기요리",미공개,133,YISOOMI,224,생갈비 양념갈비 둘다 엄청 맛있고 퀄리티 높아요 가성비 짱입니다! 다른 반찬들 양념들 소스들 다 완벽해요. ❤️‍🔥,21.5.2.일,0
"https://map.naver.com/p/entry/place/34551133?c=13.00,0,0,0,dh",숭의갈비,"육류,고기요리",미공개,113,먀먕11,20,"집 주변에 있는 고깃집 중에 제일 맛있고 친절해요!! 직원분께서 안바쁘시면 직접 구워주시는데 잘 구워주셔서 안타고 맛있게 먹을 수 있었어요!! 그리고 밑반찬으로 명이나물, 양념게장, 꽃게된장국, 김치, 샐러드 등 다양한 반찬이 있어서 물리지 않고 너무 맛있게 먹었습니다!! 쌀도 좋은 거 쓰시는지 밥맛이 너무 맛있어서 집밥 먹는 것 같았어요~!!!!!! 잘 먹었습니다 다음에 또 방문할게요♥︎♥︎♥︎",23.12.3.일,1
