도입_URL,가게이름,카테고리,전체평점,방문자리뷰,리뷰작성자,리뷰작성수,리뷰내용,방문시간,X3_Sentiment,X1_Organic_Count,X2_Ad_Count,X1_Organic_Ratio,X2_Ad_Ratio,X1_Organic_Flag,X2_Ad_Flag,X4_Specificity,X5_rating_mean,X6_review_num,X7_content_sim,X8_Is_Viral,label,is_StrongLabeled,validated_label,ad_prob,ad_pred,text_len
"https://map.naver.com/p/entry/place/1770290012?c=15.00,0,0,0,dh",커리야,인도음식,4.62,907,bee****,3,ㄴㅁㄴㅁ맛잇어요 또 오고 싶어요 🥰💕,2025-10-28,0.503591895,0,0,0,0,0,0,20,3,3,0,0,-1,FALSE,0,0.087375362,1,20
"https://map.naver.com/p/entry/place/1691680844?c=13.00,0,0,0,dh",육쌈냉면 인하대점,냉면,미공개,942,써니수뉘,21,"오랫만에 육쌈냉면 생각나서 갔는데 서비스도 그닥이고
냉면맛도 별로, 고기맛은 괜찮은데 금방 나온건데도 따뜻한기가 없네요",,0.764234662,0,0,0,0,0,0,66,3,21,0,0,-1,FALSE,0,0.108957022,1,66
"https://map.naver.com/p/entry/place/1087559229?c=13.00,0,0,0,dh",스톡홀름 샐러드,"다이어트,샐러드",미공개,359,globyoul,1,맛있어요!! 근데 앉아서 먹고 갈 수 있는 공간이 넓어졌음 좋겠어요,,0.877294421,0,0,0,0,0,0,37,3,1,0.024137504,0,-1,FALSE,0,0.095759028,1,37
"https://map.naver.com/p/entry/place/1044258426?c=13.00,0,0,0,dh",화경양꼬치,양꼬치,미공개,249,클리키81,5,맛있다는 말로 밖에 표현을 할 수가 없네요,,0.331697613,0,0,0,0,0,0,23,3,5,0,0,-1,FALSE,1,0.09273052,1,23
"https://map.naver.com/p/entry/place/1242873534?c=13.00,0,0,0,dh",내동칼국수,"칼국수,만두",미공개,167,wjswl1205,476,"옹심이 칼국수 먹었는데 맛은 있어요!! 옹심이도 쫄깃하고 안에 만두처럼 소가 들어가 있어서 좋았어요!!
근데 ㅠㅠ 매장이 좀 심각하게 위생적이지 못해요..들어갔을때 담배냄새도 좀 나고 파리도 날라다니고... 육수 끓이는 용기도 보니간 설거지 오래 안하신건지 누런때가 붙어있어요, 우산꽂이가 주방안에 있고요
위생이 중요하신분들은 가지마세요...저도 한번 먹고 안갈려고요",,0.863571107,0,0,0,0,0,0,205,3,476,0.115555556,0,0,FALSE,0,0.079917105,0,205
"https://map.naver.com/p/entry/place/1398227881?c=13.00,0,0,0,dh",시장을여는사람들 인하대점,요리주점,미공개,44,짱똘공주,97,후문에 시여사 생겨서 너무 좋아요👍🏻👍🏻,,0.503672659,0,0,0,0,0,0,22,3,97,0.1,0,-1,FALSE,0,0.14721369,1,22
"https://map.naver.com/p/entry/place/1621793170?c=15.00,0,0,0,dh",오드룸,바(BAR),미공개,48,Khan57,37,매장도 넓고 안주도 맛있어요~ 음악선곡도 좋고 진짜 강추입니닷,2025-07-09,0.502975762,0,0,0,0,0,0,34,3,37,0,0,-1,FALSE,0,0.102639683,1,34
"https://map.naver.com/p/entry/place/1409029896?c=13.00,0,0,0,dh",이치라멘&돈가츠,음식점,미공개,155,ㅎㅎ5797,1,"라멘먹었는데 진짜 너무 짜요..
거의 소금국….ㅠㅠㅠㅠㅠ",,0.381632775,0,0,0,0,0,0,31,3,1,0.072115793,0,-1,FALSE,0,0.101299764,1,31
"https://map.naver.com/p/entry/place/1953650417?c=13.00,0,0,0,dh",두루정 인하대점,한식,미공개,418,mmmch,20,"쭈삼 두루치기 너무 맛있고 가게가 깔끔하고 친절해요
다음에 또 오고싶은 맛집입니다!
인하대 후문에서 꼭 가봐야 할 집이에요",2025-10-31,0.507163823,1,0,0.058823529,0,1,0,68,3,20,0.025987006,0,-1,FALSE,0,0.085165885,0,68
"https://map.naver.com/p/entry/place/124642557?c=13.00,0,0,0,dh",오하요,일식당,미공개,539,혜진11,6,"연어장 덮밥 연어가 7점인가가 끝..
밥에도 특별히 소스가 있거나 하진 않음
메뉴 사진과는 매우 다른 차이점..
근데 12000원..
꼭 드시려면 연어장은 비추",,0.853992581,1,1,0.045454545,0.045454545,1,1,90,3,6,0,0,-1,FALSE,0,0.082218357,0,90
"https://map.naver.com/p/entry/place/2009691902?c=15.00,0,0,0,dh",디탕 인하대점,베트남음식,미공개,376,다인11,7,점심에 가서 사람이 너무 많았는데 그만큼 양도 많고 너무 맛있었어요!!! 다음에 또 오고 싶어요,2025-09-30,0.506561399,0,0,0,0,0,0,53,3,7,0,1,-1,FALSE,0,0.117618371,1,53
"https://map.naver.com/p/entry/place/2009691902?c=15.00,0,0,0,dh",디탕 인하대점,베트남음식,미공개,376,안준현33,4,너무 맛있고 사장님이 친절하세요~~ 최고,2025-07-17,0.502874196,1,0,0.2,0,1,0,22,3,4,0,1,-1,FALSE,1,0.079204908,0,22
"https://map.naver.com/p/entry/place/1308006027?c=13.00,0,0,0,dh",윤이불닭발,닭발,미공개,24,리바해라,1,"별저3.5개
맵기 화끈하네요..
튤립닭발이 저번보다 뭔가 맛이 떨어지는 느낌이지만
그래도 맛있어요",,0.546490908,0,1,0,0.090909091,0,1,55,3,1,0.044444444,0,-1,FALSE,0,0.085937182,0,55
"https://map.naver.com/p/entry/place/1953650417?c=13.00,0,0,0,dh",두루정 인하대점,한식,미공개,418,유진15,51,계속 와보고싶었는데 맛이써요!!!! 담엔 짜글이로 도전할게여🩷🩷,,0.519175947,0,0,0,0,0,0,35,3,51,0,0,-1,FALSE,0,0.109636428,1,35
"https://map.naver.com/p/entry/place/1102006774?c=13.00,0,0,0,dh",샐러리아 인하대점,"다이어트,샐러드",미공개,634,khy****,34,새우가 아주 통통하고 양도 많고 맛있습니다.,,0.503470659,0,0,0,0,0,0,24,3,34,0.388888889,0,-1,FALSE,1,0.093202266,1,24
"https://map.naver.com/p/entry/place/2009691902?c=15.00,0,0,0,dh",디탕 인하대점,베트남음식,미공개,376,열정남아39,30,"처음 방문한 디탕쌀국수, 기대 이상으로 만족했어요. 국물은 깊고 깔끔하면서도 진한 맛이 나서 계속 먹고 싶을 정도였고, 면발은 탱글하면서 부드러워 국물과 잘 어울렸습니다. 고기도 양이 푸짐하게 들어 있어 든든하게 한 끼 즐길 수 있었어요. 가게 분위기도 깔끔하고 직원분들이 친절해서 기분 좋게 식사했습니다. 재방문 의사 확실히 있습니다. 👍",2025-09-16,0.503433347,2,0,0.043478261,0,1,0,190,3,30,0,0,-1,FALSE,0,0.072637639,0,190
"https://map.naver.com/p/entry/place/1715722424?c=15.00,0,0,0,dh",인하 주먹고기,돼지고기구이,미공개,429,이름81,6,가성비가 좋고 고기가 두툼해서 맛있습니다!,2025-10-12,0.503791332,0,0,0,0,0,0,23,3,6,0,0,-1,FALSE,1,0.080112779,0,23
"https://map.naver.com/p/entry/place/1673075723?c=13.00,0,0,0,dh",헤드라이너,바(BAR),미공개,285,쑥버무리떡,9,"음악이랑 분위기가 너무 좋아요
가끔 음악소리랑 대화가 겹칠 때 상대의 태도라든지,
두 번 말하며 웃는 모습 등을 보면 더 좋은 시간 보낼 수 있어요.
물론 혼자 마시며 크게 음악 듣기엔 너무너무 좋고요. 개인적으로는 음악이 더 커도 좋을 것 같아요",2025-03-22,0.575383484,1,0,0.025641026,0,1,0,139,3,9,0.037610489,0,-1,FALSE,0,0.104750771,1,139
"https://map.naver.com/p/entry/place/16455356?c=15.00,0,0,0,dh",꼬꼬얼큰이닭발 인하점,닭발,4.58,250,연두9839,306,진짜 맛있어요!!적당히 맵고 날개날개도 엄청맛있어요,,0.504705429,0,0,0,0,0,0,28,3,306,0,0,-1,FALSE,0,0.07590066,0,28
"https://map.naver.com/p/entry/place/1772330524?c=13.00,0,0,0,dh",롤링파스타 인하대점,"스파게티,파스타전문",미공개,252,9988 테니스 사랑,269,"드뎌 우리 셋째의 대학입시 시작!
수시입시 실기보사를 마치고 먹고싶어하는 파스타 먹으러 왔네요~~
긴장한 하루여서 오늘 식사가 부실했는데 맛있게 먹는 모습보니 좋네요..
백종원대표의 사진도 크게 걸린~~
좋은 결과가 있어야 하는데..간절히 기도해봅니다.",,0.599489689,0,0,0,0,0,0,142,3,269,0,0,-1,FALSE,0,0.09454181,1,142
"https://map.naver.com/p/entry/place/1878533608?c=13.00,0,0,0,dh",빙그레정육식당 인하대본점,"육류,고기요리",미공개,651,낭낭하다86,33,"저렴한 가격에 소고기를...!!
더더 유명해지면 좋겠어요
밑반창 구성 굿....!!",2025-06-12,0.511967063,0,0,0,0,0,0,46,3,33,0.018647182,1,-1,FALSE,0,0.092995736,1,46
"https://map.naver.com/p/entry/place/21497659?c=15.00,0,0,0,dh",산쪼메 인하대점,일본식라면,미공개,844,옥장판팔아요,20,"처음 먹었던 라멘집은 너무 맛이없었는데
여긴 너무 맛있어요!!다시 갈꺼에요",,0.517461717,0,0,0,0,0,0,41,3,20,0,0,-1,FALSE,0,0.098074399,1,41
"https://map.naver.com/p/entry/place/1957094833?c=15.00,0,0,0,dh",포케품은초밥 인하대점,"초밥,롤",미공개,416,eusally,15,넘맛있거 양도 많아서 조아요!!!!😋😋😋,2025-03-10,0.50391227,0,0,0,0,0,0,22,3,15,0,0,-1,FALSE,1,0.13779093,1,22
"https://map.naver.com/p/entry/place/1470889138?c=13.00,0,0,0,dh",화양연화,요리주점,미공개,636,미니미ㄴ,6,첫 방문인데 직원분도 친절하셨고 음식도 맛있었어요~!! 접근성도 좋고 다음에 또 방문할게요!,2025-02-23,0.504129529,2,1,0.181818182,0.090909091,1,1,51,3,6,0,1,-1,FALSE,0,0.084266291,0,51
"https://map.naver.com/p/entry/place/1426778024?c=15.00,0,0,0,dh",아재불닭발 인하대점,닭발,미공개,354,이다인495,252,진짜 미친 맛이입미다…. 사장님도 친절하시고 완전 강추드랴욥ㅋ 계란찜 추가 필수,2025-03-30,0.511812866,1,0,0.1,0,1,0,44,3,252,0,0,-1,FALSE,0,0.097347174,1,44
"https://map.naver.com/p/entry/place/1470889138?c=13.00,0,0,0,dh",화양연화,요리주점,미공개,636,kdh0823,31,"소고기 전골이랑 크림새우 핵짱맛있어용
매장 분위기도 조아요
또올게용><",,0.504933059,0,0,0,0,0,0,39,3,31,0.01754386,0,-1,FALSE,0,0.120298143,1,39
"https://map.naver.com/p/entry/place/1878533608?c=13.00,0,0,0,dh",빙그레정육식당 인하대본점,"육류,고기요리",미공개,651,yjw****,22,"고기 질이 좋습니다!! 맛있게 잘 먹었습니다🤍
냉면도 맛있어요!!",2025-01-01,0.503219128,0,0,0,0,0,0,36,3,22,0,1,-1,FALSE,1,0.136864403,1,36
"https://map.naver.com/p/entry/place/1434154594?c=13.00,0,0,0,dh",인하로 인하대점,한식,미공개,38,김영준2386,6,양도 많고 안주 맛이 정말 맛있어요. 꼭 와서 드셔보셨으면 좋겠어요!!,,0.528060317,0,0,0,0,0,0,39,3,6,0.037037037,0,-1,FALSE,0,0.105250989,1,39
"https://map.naver.com/p/entry/place/1678525038?c=13.00,0,0,0,dh",삼청당 인하대점,분식,미공개,620,jud****,5,"처음 와보는데 묵은지참치김밥 맛있어용!
새로 생긴데라 매장도 깔끔하고 조아용ㅎㅎ",,0.503814459,0,0,0,0,0,0,44,3,5,0,0,-1,FALSE,1,0.117226616,1,44
"https://map.naver.com/p/entry/place/1711877761?c=13.00,0,0,0,dh",코피아,이탈리아음식,미공개,536,lee****,30,베이컨 크림파스타랑 게살 로제 파스타 너무 맛있어요!!!,2025-07-13,0.504391015,0,0,0,0,0,0,31,3,215,0.013303007,0,-1,FALSE,1,0.086899568,0,31
"https://map.naver.com/p/entry/place/1878533608?c=13.00,0,0,0,dh",빙그레정육식당 인하대본점,"육류,고기요리",미공개,651,gg요,21,"반찬도 잘나오고 직원분들 친절해서 너무 좋아요
꼭꼭 재방문 할예정이예요
수입산인데도 전혀 질기지않아요ㅠㅠ",2025-10-07,0.510388613,3,0,0.25,0,1,0,58,3,21,0,1,-1,FALSE,0,0.072038712,0,58
"https://map.naver.com/p/entry/place/1087559229?c=13.00,0,0,0,dh",스톡홀름 샐러드,"다이어트,샐러드",미공개,359,나미러스,22,"퓨레에 마요네즈가 안 들어가서 좋아요! 엄청 부드럽고 맛있습니다! 재료는 언제나 신선해요🍅🥦🍇
한 가지 아쉬운 게 있다면 브레이크 타임이 한 시간만 밀렸으면 좋겠어요. 1시부터 브레이크 타임이라 방문하기가 조금 애매한 것 같아요.
그래도 만족스러운 한 끼였습니다!",,0.598935843,0,0,0,0,0,0,147,3,22,0.03327381,0,-1,FALSE,0,0.07725448,0,147
"https://map.naver.com/p/entry/place/1866654241?c=15.00,0,0,0,dh",멘야토리 라멘,일본식라면,미공개,150,조랭이떡75,9,아주 맛있고 인테리어 분위기도 좋고 전체적으로 만족입니다!! 또 방문할것 같아요,2025-09-16,0.502214134,0,0,0,0,0,0,44,3,9,0.06984127,1,-1,FALSE,1,0.127569975,1,44
"https://map.naver.com/p/entry/place/1711877761?c=13.00,0,0,0,dh",코피아,이탈리아음식,미공개,536,이윤서3892,57,자주오는 맛집! 인하대 오므라이스 원탑,,0.506199896,0,0,0,0,0,0,21,3,57,0,0,-1,FALSE,0,0.07083008,0,21
"https://map.naver.com/p/entry/place/1102006774?c=13.00,0,0,0,dh",샐러리아 인하대점,"다이어트,샐러드",미공개,634,ssanghhony,13,"너무 맛있게 잘 먹었습니다!
알바생이 친절해요!!",,0.504414499,1,0,0.166666667,0,1,0,27,3,13,0.142857143,0,-1,FALSE,1,0.08451774,0,27
"https://map.naver.com/p/entry/place/1491213700?c=15.00,0,0,0,dh",동아리닭갈비,닭갈비,미공개,651,소녀감성 1230,1,"야채가 적어서 아쉽고 상추도 없고 ㅜㅜ
",,0.231142849,0,0,0,0,0,0,22,3,1,0.01958642,0,-1,FALSE,0,0.082786516,0,22
"https://map.naver.com/p/entry/place/1536964052?c=13.00,0,0,0,dh",한상,한식,미공개,347,Vin63,49,너무 맛있어요 양도 많고 김치찌개에 고기가 정말 많습니다 !!,2025-03-29,0.505698502,0,0,0,0,0,0,34,3,49,0.017909085,0,-1,FALSE,0,0.100017305,1,34
"https://map.naver.com/p/entry/place/1912001285?c=15.00,0,0,0,dh",청담족발,"족발,보쌈",미공개,486,전 화 위 복,1,"솔직리뷰!
1.솔직히 족발 먹고 싶어서 인하대 주변 찾다가 생긴지 얼마 안된 곳 같아서 들어왔는데 완벽한 선택이었다.
2.족발의 맛이 미쳤다. 겁나게 부드러우면서 쫄깃하고 냄새도 안 난다. 역대급 맛이다.
3.사진의 경우 특대, 4인이 먹으면 적당할 양이다. 진짜 양도 엄청 푸짐하다.
4.홀이벤트로 시켜서 세트로 막국수와 주먹밥이 함께 나오고 주류 3병 음료 2개를 추가적으로 선택할 수 있다.
5.맛, 양, 가성비, 세 마리 토끼를 한 번에 잡은 족발 맛집이다.
6.기본찬은 사진과 같이 나오며 추가적으로 셀프로 퍼 먹으면 된다.
7.테이블은 7개 정도 있었던 걸로 기억한다. 화장실은 공용이며 입구쪽에 있다.",,0.602551401,0,0,0,0,0,0,344,3,1,0.019781206,0,0,FALSE,0,0.091293144,1,344
"https://map.naver.com/p/entry/place/1543018546?c=15.00,0,0,0,dh",산츠키,이자카야,미공개,61,07****,41,모츠나베가 여러종류 있더라구요 마라맛도 있어서 너무 좋아요 아직 가오픈이라는데 점점 메뉴가 추가된다 하더라구요 기대됩니다ㅎㅎ 분위기도 넘 고급지고 사진도 잘 나와요 사장님 풍채만 봐도 음식에 진심이신분인듯합니다 잘 먹었습니다!,,0.504438698,1,2,0.037037037,0.074074074,1,1,126,3,41,0.015118257,0,-1,FALSE,0,0.106437328,1,126
"https://map.naver.com/p/entry/place/1294587914?c=13.00,0,0,0,dh",레오펍 인하대점,피자,4.68,564,mee****,11,"양도 많고, 값도 저렴한데 정말 맛있어요!!
인하대생들은 피자 먹고 싶으면 무조건 여기!!",2025-04-22,0.508663833,0,0,0,0,0,0,50,3,393,0,1,-1,FALSE,0,0.100720122,1,50
"https://map.naver.com/p/entry/place/1678525038?c=13.00,0,0,0,dh",삼청당 인하대점,분식,미공개,620,lov****,88,"김밥 러버인데 김밥이 종류가 많아서 좋아요!
제가 좋아하는 김밥도 있고, 소스도 있고, 여러 가지 베이스를 선택할 수 있어서 더 좋은 것 같아요!!!!!
이렇게 훌륭한 김밥집이 많아졌으면 좋겠어요!!!!🩵🩵",2025-02-24,0.509050071,0,0,0,0,0,0,115,3,35,0.00638838,1,-1,FALSE,0,0.124249749,1,115
"https://map.naver.com/p/entry/place/1953650417?c=13.00,0,0,0,dh",두루정 인하대점,한식,미공개,418,규빈60,38,"따뜻하고 칼칼해서 맛있어요👍
요즘같은날 뜨뜻한 음식 최고죠ㅎㅎㅎ
새로생겨서 매장도 깨끗해요!",,0.502547264,0,1,0,0.1,0,1,51,3,38,0,0,-1,FALSE,1,0.087831732,1,51
"https://map.naver.com/p/entry/place/1912001285?c=15.00,0,0,0,dh",청담족발,"족발,보쌈",미공개,486,E_seo_jin,37,처음 와봤는데 고기도 부드럽고 너무 맛있었습니다!! 족발이 갑자기 먹고 싶어서 왔는데 아주 좋은 선택이었습니다ㅎㅎ 잘 먹었습니다!! 막국수도 새콤달콤하고 딱 맛있었어요!! 번창하세용!!💗,2025-03-24,0.502891958,0,0,0,0,0,0,104,3,37,0,1,-1,FALSE,0,0.102614946,1,104
"https://map.naver.com/p/entry/place/1776211168?c=13.00,0,0,0,dh",삭금,요리주점,미공개,118,감자88,8,"사장님이 너무나 친절하시고 음식도 너무 맛있었습니다! 인테리어도 깔끔해서 좋은 분위기에서 식사 할 수 있어요.
대학교 옆이라 학생분들 식사하기도 좋을 것 같고 여러모로 괜찮은 식당인것 같아요! 추천합니다😊",,0.502302468,1,1,0.038461538,0.038461538,1,1,115,3,8,0,0,-1,FALSE,0,0.105673104,1,115
"https://map.naver.com/p/entry/place/1878533608?c=13.00,0,0,0,dh",빙그레정육식당 인하대본점,"육류,고기요리",미공개,651,lit****,95,"직원분이 너무나 친절하고 고기가 싸면서도
퀄리티가 전혀 떨어지지 않네요!",2025-01-19,0.302260429,2,0,0.222222222,0,1,0,40,3,95,0,1,-1,FALSE,0,0.089097197,1,40
"https://map.naver.com/p/entry/place/1255008599?c=13.00,0,0,0,dh",오구피자 주안용남시장점,피자,미공개,40,so4****,1,"사장님께서 내 맘대로 만들어 주셨어요.
정말 맛있어요
가성비 끝내주는 이런 피자집 정말 우리 동네에도 있었으면~~",,0.504986048,0,0,0,0,0,0,63,3,1,0,0,-1,FALSE,0,0.117954032,1,63
"https://map.naver.com/p/entry/place/1160321792?c=13.00,0,0,0,dh",슬로우캘리 인하대점,"다이어트,샐러드",미공개,230,ilo****,927,포케를 맛볼수있어 좋네요 신선하고 맛있어요!!,,0.50221014,0,0,0,0,0,0,25,3,927,0,0,-1,FALSE,1,0.114741227,1,25
"https://map.naver.com/p/entry/place/1866654241?c=15.00,0,0,0,dh",멘야토리 라멘,일본식라면,미공개,150,sjh****,15,직원분들 모두 다 친절하십니다 감동..😍❤️🥰🥹 라멘도 엄청 맛있어요❤️❤️,2025-10-01,0.503364444,2,0,0.25,0,1,0,42,3,7,0,0,-1,FALSE,1,0.072965944,0,42
"https://map.naver.com/p/entry/place/1878533608?c=13.00,0,0,0,dh",빙그레정육식당 인하대본점,"육류,고기요리",미공개,651,hsk****,26,"가성비좋고 친절해요
또올거에요
고기도맛있어요",2025-01-19,0.502772033,1,0,0.25,0,1,0,24,3,26,0,1,-1,FALSE,0,0.070551786,0,24
"https://map.naver.com/p/entry/place/1878533608?c=13.00,0,0,0,dh",빙그레정육식당 인하대본점,"육류,고기요리",미공개,651,쯔옌이,146,고기 부드럽고 반찬도 다 맛있어요 ㅎㅎ 최고,,0.502780974,1,0,0.142857143,0,1,0,24,3,146,0,0,-1,FALSE,1,0.07152583,0,24
"https://map.naver.com/p/entry/place/1034790169?c=15.00,0,0,0,dh",미식당,양식,미공개,610,이야효,164,인하대 후문 놀러올 때마다 왔어요 진짜 가성비 좋은 곳!!! 근데 맛까지 좋으니까 너무너무 좋아요❤️❤️❤️,,0.510405838,0,0,0,0,0,0,60,3,164,0,0,-1,FALSE,0,0.090745422,1,60
"https://map.naver.com/p/entry/place/1410620403?c=13.00,0,0,0,dh",청년다방 인하대점,분식,미공개,571,seoung,376,"청년다방 인하대점에서 떡볶이를 먹었는데, 매운맛이 적당하고 떡도 쫄깃해서 맛있었어요. 분위기도 아늑하고 편안해서 친구들과 함께 오기 좋은 곳이에요. 간단한 한 끼로 딱 좋았습니다!",2025-01-24,0.505405486,0,1,0,0.045454545,0,1,100,3,376,0.040158062,0,-1,FALSE,0,0.130442013,1,100
"https://map.naver.com/p/entry/place/37658191?c=13.00,0,0,0,dh",국제식당 인하대본점,이자카야,4.66,445,현스델리,39,"인하대 후문에서 언제가도 맛있는 곳이에요:)
비오면 밀푀유나베 먹어야지~ 했었는데 오늘은 날이 맑아 평소 자주먹던 메뉴가 아닌 다른 요리들을 주문해봤는데 재료들이 푸짐하게 들어가있어요!
일본여행 온듯한 분위기와 맛있는 음식과 함께 술 한잔 생각난다면 인하대 국제식당 강추합니다!",,0.615635395,3,3,0.088235294,0.088235294,1,1,155,3,39,0,0,-1,FALSE,0,0.120241917,1,155
"https://map.naver.com/p/entry/place/1623784940?c=13.00,0,0,0,dh",또취,요리주점,미공개,453,찐빵34,51,동아리 회식 왔는데 노래도 좋고 분위기가 너무 좋아요 안주가 맛있어요!!!,,0.503426611,0,0,0,0,0,0,41,3,51,0.031257631,0,-1,FALSE,0,0.083877119,0,41
"https://map.naver.com/p/entry/place/1424888459?c=13.00,0,0,0,dh",양궈푸마라탕 인하대점,마라탕,미공개,330,운296,3,하이디라오처럼 소스도 만들 수 있고 토마토탕도 팔아서 좋아요🫶🏻 꿔바로우도 대소 사이즈 말고 미니도 있어서 혼자 와서도 먹을 수 있단 점이 좋은 것 같아요😻 다음엔 토마토탕 먹으러 올게요〰️,2025-02-26,0.509983003,0,0,0,0,0,0,106,3,3,0,1,-1,FALSE,0,0.141944269,1,106
"https://map.naver.com/p/entry/place/1710907962?c=13.00,0,0,0,dh",뭉클로 샌드위치 디저트,샌드위치,미공개,140,기문시,33,"사실 고기 안들어간 샌드위치는 쳐다도 안봤던 사람이라 리뷰들을 보고 나서도 반신반의하면서 먹었었는데 한번 먹고 자꾸 그 맛이 생각나서 이틀만에 재방문했어요.. ♥♥
단호박리코타샌드위치 진짜 세상 맛있어요
다른데에서 뚱샌드위치 먹으면 항상 빵부분이 남아서 버리곤 했는데 여기는 알차게 담아주셔서 다 맛있게 먹을 수 있어요 !
빼빼로데이라고 주신 과자도 너무 맛있게 잘 먹었습니다 ㅎㅎㅎㅎㅎ",,0.520146608,0,0,0,0,0,0,216,3,33,0.059209956,0,-1,FALSE,0,0.076832024,0,216
"https://map.naver.com/p/entry/place/87238504?c=15.00,0,0,0,dh",계속 쪼르면,종합분식,미공개,938,나 는 나 는,197,"튀김 넘 맛나요ㅋ고구마튀김 짱짱 맛있네요ㅋ
떡볶이 국물이랑 조합 최고 입니당ㅋㅋ",,0.504367054,0,0,0,0,0,0,44,3,197,0,0,-1,FALSE,0,0.108338399,1,44
"https://map.naver.com/p/entry/place/124642557?c=13.00,0,0,0,dh",오하요,일식당,미공개,539,박잉간,183,맨날 구운연어초밥 먹으러 여기 가요 ㄹㅇJMT,,0.456611753,0,1,0,0.166666667,0,1,25,3,183,0,0,-1,FALSE,0,0.118211748,1,25
"https://map.naver.com/p/entry/place/37762180?c=15.00,0,0,0,dh",미로곱창볶음집 인하대점,"곱창,막창,양",4.48,556,아주보통의하루,1,막창 이인분에 소주한병! 딱이예요 냄새도 많이 안나고 서비스 라면도 좋아요 주먹밥 필수!,,0.504969418,0,0,0,0,0,0,49,3,1,0,0,0,FALSE,0,0.115736979,1,49
"https://map.naver.com/p/entry/place/1208133928?c=13.00,0,0,0,dh",청진동해장국 인하대점,해장국,미공개,268,Cherry perfume,774,"고기가 많아요
근데 머릿고기는 아닌 것 같아요..?",,0.863596082,0,0,0,0,0,0,28,3,774,0.002109705,0,-1,FALSE,0,0.090773147,1,28
"https://map.naver.com/p/entry/place/2009691902?c=15.00,0,0,0,dh",디탕 인하대점,베트남음식,미공개,376,장밍밍,31,매장이 깔끔하고 베트남 느낌이 많이 나서 좋아요. 음식도 맛있어서 쌀국수 생각나면 여기로 올 것 같습니다.,2025-09-17,0.511751294,0,2,0,0.133333333,0,1,59,3,31,0.014506173,0,-1,FALSE,0,0.099342594,1,59
"https://map.naver.com/p/entry/place/1710907962?c=13.00,0,0,0,dh",뭉클로 샌드위치 디저트,샌드위치,미공개,140,na0****,77,"양도 양인데 진짜 맛있었어요
특히 전 단호박 리코타랑 바질닭가슴살이 젤 맛있었습니다:)
한끼 식사로도 좋을 것 같아요!!!",,0.509036601,0,0,0,0,0,0,68,3,77,0,0,-1,FALSE,0,0.100741281,1,68
"https://map.naver.com/p/entry/place/1479468560?c=15.00,0,0,0,dh",한창희천하일면 인하대점,국수,미공개,395,so****,24,인하대 재학 8년차가 인정하는 최고의 면 요리👍👍,2025-06-09,0.50784117,1,0,0.142857143,0,1,0,27,3,24,0.05,0,-1,FALSE,0,0.074724184,0,27
"https://map.naver.com/p/entry/place/1042128520?c=13.00,0,0,0,dh",오이아샌드위치 인하대,샌드위치,미공개,179,최고심,616,햄에그 샌드위치 먹으려고 개강만 개같이 기다렸어요🥹 언제 먹어도 존맛 .... 감동인맛 🩵 사장님께서 서비스로 과자까지 챙겨주시구 .. 너무 감사합니다 잘 먹겠습니다 ~~,2025-03-05,0.503721714,0,0,0,0,0,0,95,3,616,0.020917651,0,-1,FALSE,0,0.096957062,1,95
"https://map.naver.com/p/entry/place/1673075723?c=13.00,0,0,0,dh",헤드라이너,바(BAR),미공개,285,김태홍89,2,술이 맛있고 시그니처 메뉴 중에 쳇베이커가 가장 인상깊었습니다. 친구랑 진대하러 오기도 좋고 연인이랑 오기 좋은 곳 같아여 술이 잘생기고 사장님이 맛있습니다.,,0.503072619,1,1,0.047619048,0.047619048,1,1,88,3,2,0.068181818,0,-1,FALSE,0,0.115699164,1,88
"https://map.naver.com/p/entry/place/1294587914?c=13.00,0,0,0,dh",레오펍 인하대점,피자,4.68,564,아몽아66,23,한조각씩 포장할 수 있어서 혼자 간단히 먹을 때 포장하기 좋아요! 가격도 저렴하고 한조각 크기도 엄청 커서 가성비도 좋습니다!,,0.502851427,1,0,0.055555556,0,1,0,70,3,23,0.040792541,0,-1,FALSE,0,0.089315286,1,70
"https://map.naver.com/p/entry/place/1953650417?c=13.00,0,0,0,dh",두루정 인하대점,한식,미공개,418,MUSIC,52,"인하대 올때마다 항상 들려요!!
된장짜글이가 최애에여 ㅠㅠㅠ❤️
직원분도 친절하고 음식도 항상 맛있어요!!",2025-07-27,0.504869759,2,1,0.166666667,0.083333333,1,1,59,3,52,0.041666667,0,-1,FALSE,0,0.100659161,1,59
"https://map.naver.com/p/entry/place/2009691902?c=15.00,0,0,0,dh",디탕 인하대점,베트남음식,미공개,376,내나좋,32,"릴스보고 왔는데 와 진짜 너무 맛있어요 !!!
자주올것같아요👍🏻",2025-09-05,0.502795517,0,0,0,0,0,0,35,3,32,0,0,-1,FALSE,0,0.109409671,1,35
"https://map.naver.com/p/entry/place/1776211168?c=13.00,0,0,0,dh",삭금,요리주점,미공개,118,jan****,303,집 근처 분위기 좋은 삭금 아이랑 같이 방문했는데 조용하니 분위기도 좋고 사장님도 쏘 친절! 메뉴마다 마다 아이랑 같이 먹을 수 있게 만들어주셔서 너무 감사했어요 나베가 정말 양도 많고 술안주로 최고 최고!!ㅎㅎ가라아게 대파소스가 넘나 매력적 느낌함이 맛최고입니다! 인하대맛집 인하대술집 추천이요.!,,0.50317502,2,4,0.051282051,0.102564103,1,1,167,3,8,0.019496183,0,-1,FALSE,0,0.110332953,1,167
"https://map.naver.com/p/entry/place/1403450091?c=18.31,0,0,0,dh",하이볼마또,퓨전음식,미공개,587,ss****,26,"맛있게 잘 먹었습니다
오뎅탕 국물 진하고
아이스크림 푸짐해요
일본 애니메이션 밴드 좋아하면
좋아하실 것 같아요",,0.507812202,0,0,0,0,0,0,62,3,26,0,0,-1,FALSE,0,0.116296432,1,62
"https://map.naver.com/p/entry/place/1294155308?c=13.00,0,0,0,dh",진화쿵푸마라탕,중식당,미공개,717,달빛천사86,173,"초등아이들이 먹고싶다해서왔는데
맛있습니다
잘먹고갑니다~",,0.503295898,0,0,0,0,0,0,30,3,173,0,0,-1,FALSE,1,0.080213676,0,30
"https://map.naver.com/p/entry/place/1392141383?c=19.19,0,0,0,dh",효자동솥뚜껑 인하대점,돼지고기구이,미공개,608,밈조이,8,계란찜 맛있어요!!!!!고기도 맛있어요!!!,2025-09-30,0.504773915,0,0,0,0,0,0,24,3,8,0,1,-1,FALSE,1,0.110681191,1,24
"https://map.naver.com/p/entry/place/1678525038?c=13.00,0,0,0,dh",삼청당 인하대점,분식,미공개,620,빙수82,121,명란마요가..찍어먹는 소스였당.. 그래두 괜찮았당,,0.542852581,0,0,0,0,0,0,27,3,121,0,0,-1,FALSE,0,0.078376649,0,27
"https://map.naver.com/p/entry/place/1939722709?c=13.00,0,0,0,dh",덮수룩,한식,미공개,149,티라볼트,210,"스테이크덮밥,항정살덮밥 주문했어요
고기가 냄새도 안나고 입에서 녹아요~
저녁에도 아들 먹이고 싶어서 재주문하려고 합니다. 리뷰이벤트 가라아게도 받았는데 바삭하고 야채까지 있어 느끼함도 잡아줘요
재주문 예약이요",,0.55310297,3,0,0.130434783,0,1,0,118,3,210,0,0,0,FALSE,0,0.095704074,1,118
"https://map.naver.com/p/entry/place/1912001285?c=15.00,0,0,0,dh",청담족발,"족발,보쌈",미공개,486,Kk3,8,양이 아주 많은데도 싹싹 비울 정도로 너무 맛있어요!,2025-05-23,0.506545305,0,0,0,0,0,0,29,3,8,0,0,-1,FALSE,1,0.078524224,0,29
"https://map.naver.com/p/entry/place/33093374?c=13.00,0,0,0,dh",바리바리,한정식,미공개,51,Aron3232,376,"정말 좋아하는 인하대 맛집!
자극적이지 않고, 조미료의 맛이 안느껴지는
건강한 맛집! 맛있습니다~~",,0.508994997,0,0,0,0,0,0,55,3,376,0.023809524,0,-1,FALSE,0,0.075990706,0,55
"https://map.naver.com/p/entry/place/1878533608?c=13.00,0,0,0,dh",빙그레정육식당 인하대본점,"육류,고기요리",미공개,651,dh****,48,"고기 질이좋고 찌개도 너무맛있어요!
가격도저렴한편이고 양념소갈비가 최고에요 꼭드셔보세용!",2025-05-10,0.505401731,1,0,0.125,0,1,0,49,3,1,0,0,-1,FALSE,0,0.099185884,1,49
"https://map.naver.com/p/entry/place/1393528546?c=15.00,0,0,0,dh",무한리필삼겹의난,돼지고기구이,미공개,312,이하늘1113,32,"기대감으로 방문하고 원하는 자리에 앉으려하니 사장님께서 골라주신 곳만 앉아야 하더라구요. 좀 아쉬웠지만 이유가 있겠지 싶어 그냥 자리에 앉았습니다.
주문을 하고 고기는 삼겹산 반쪽으로 4조각과 목살 같은 조각 2개가 왔더군요. 먹고 리필할땐 사장님께 말씀 드려야 해서 말씀드렸더니 3번 정도 계속 말씀 드려야 알겠다고 하시더군요. 얼마 원하냐고 하시길래 아까보다 좀 더달라고 하니 큰소리로 ""더요? 아까 그것도 3인분인데?"" 하시더라고 다른 사람많은 곳에서 그러시니 불편했습니다. 혹시 무한리필이여서 불편하실까봐 사이드도 여러개 시켜 2인에 44000원까지 나오고 비와서 좁은 입구 계단에서 우산을 펼치는 와중에 사장님이 양문을 열시더라구요. 저희는 떠밀리듯 나오고 비맞으면서 우산을 폈는데 내쫒기는듯한 기분이네요.",,0.340762675,1,0,0.011363636,0,1,0,400,3,32,0,0,0,FALSE,0,0.088769078,1,400
"https://map.naver.com/p/entry/place/1623784940?c=13.00,0,0,0,dh",또취,요리주점,미공개,453,hon****,4,네 번째 방문인데 올 때마다 재밌게 놀다 가네요 다음 모임도 여기로 옵니다 !!,,0.50679481,0,0,0,0,0,0,44,3,9,0.01075703,0,-1,FALSE,0,0.13519887,1,44
"https://map.naver.com/p/entry/place/1344154314?c=15.00,0,0,0,dh",레커훈스 인하대점,"치킨,닭강정",미공개,199,하W,81,"사장님이 정말 친절하세요
매운양념 간장 반반했는데 저렴하고 맛있어요!!",,0.503167152,2,0,0.25,0,1,0,39,3,81,0.020188089,0,-1,FALSE,1,0.107114231,1,39
"https://map.naver.com/p/entry/place/87238504?c=15.00,0,0,0,dh",계속 쪼르면,종합분식,미공개,938,Moretz,6,친구랑  오늘도 쪼르면에서 쫄돈 치즈돈가스 순삭 하고가요😊😊👌👌👋👋,,0.507802188,0,0,0,0,0,0,37,3,6,0.028408628,0,-1,FALSE,0,0.090641708,1,37
"https://map.naver.com/p/entry/place/1327016368?c=13.00,0,0,0,dh",무지개맥주 인하대점,"맥주,호프",4.22,214,루이맘love,1,골뱅이 맛있어서 두번째 갔는데 맛은 있으나 골뱅이 양이 너무 작았어요 생맥맛이 조금 아쉬웠습니다 분위기는 좋고 계란후라이 서비스 조아용^^,,0.714447379,0,0,0,0,0,0,77,3,1,0.035686728,0,-1,FALSE,0,0.118618246,1,77
"https://map.naver.com/p/entry/place/1623784940?c=13.00,0,0,0,dh",또취,요리주점,미공개,453,rla****,3,술국 되게 맛있고 술이 계속 땡기는 술집입니다 인하대오면 꼭 오시면 좋을 것 같아요!,,0.585387111,0,1,0,0.076923077,0,1,47,3,29,0.015236274,0,-1,FALSE,0,0.092828212,1,47
"https://map.naver.com/p/entry/place/1846560528?c=15.00,0,0,0,dh",대패공장,"육류,고기요리",미공개,46,yoye107,243,대학교 근처라 그런지 가격이 저렴하고 가성비가 너무 좋내요 😋 24시라서 아침에도 이용가능하니 더 좋아요~ 직원이 친절해요 😊,,0.502821505,3,1,0.176470588,0.058823529,1,1,70,3,243,0,0,-1,FALSE,0,0.141405271,1,70
"https://map.naver.com/p/entry/place/1715794350?c=13.00,0,0,0,dh",카페밥엔술,양식,미공개,77,hsc****,92,"카페밥엔술 인하대점.
음료와 식사, 알콜이 가능한 글로벌 이색카페.
꾸덕한 모짜랠러 치즈가 한가득하고 신선한 샐러드는 말 그대로 신선. 오늘도 푸짐한 양식 한차림으로 저녁을 해결. 올 때마다 항상 옳은 결정인 카페밥엔술.
오늘도 분위기에 취하고 맛에 취하고 친절함에 취하고.
오늘도 행복함으로 저녁을 맞이합니다.",2025-02-21,0.503041804,2,0,0.05,0,1,0,174,3,92,0.014051908,0,-1,FALSE,0,0.108294733,1,174
"https://map.naver.com/p/entry/place/1294155308?c=13.00,0,0,0,dh",진화쿵푸마라탕,중식당,미공개,717,권규리29,30,처음 왔는데 맛도 맛있고 사장님도 친절하세요!! 잘먹었습니다ㅎㅎ,,0.502514422,1,0,0.142857143,0,1,0,35,3,30,0,0,-1,FALSE,1,0.073945777,0,35
"https://map.naver.com/p/entry/place/34551133?c=13.00,0,0,0,dh",숭의갈비,"육류,고기요리",미공개,113,허571,10,"갈비 너무 맛있게 먹고 가요~
밑반찬이 정말 풍부해서 놀랐어요. 게장이랑 명이나물 두부 버섯 다 너무 맛있어요!!!
그리고 사장님이 친절하세요 ㅎㅎ
다음에 또 올거예요~",,0.513089001,1,0,0.043478261,0,1,0,94,3,10,0,0,-1,FALSE,0,0.08772877,1,94
"https://map.naver.com/p/entry/place/1034790169?c=15.00,0,0,0,dh",미식당,양식,미공개,610,kuu****,25,너무너무 맛있게 잘 먹었어요~~~ 리조또 넘나 마싯네욤!!!!!,,0.509454548,0,0,0,0,0,0,35,3,25,0,0,-1,FALSE,1,0.114045279,1,35
"https://map.naver.com/p/entry/place/1418606976?c=15.00,0,0,0,dh",순목,요리주점,미공개,52,퐁도리,28,분위기도 좋고 너무 친절하세요 🥹 안주도 너무 맛있어요 다음에 또 오겠습니다 ~!!,,0.504023612,1,0,0.083333333,0,1,0,46,3,28,0.052631579,0,-1,FALSE,0,0.146335894,1,46
"https://map.naver.com/p/entry/place/37658191?c=13.00,0,0,0,dh",국제식당 인하대본점,이자카야,4.66,445,kshyun185,33,첫방문이었는데 안주가 너무 맛있어서 자주 방문할거같아요 !!,,0.511072278,0,0,0,0,0,0,33,3,33,0,0,-1,FALSE,0,0.109116336,1,33
"https://map.naver.com/p/entry/place/36004543?c=15.00,0,0,0,dh",인하칼국수 인하대후문점,"칼국수,만두",미공개,453,살레시오,1,"인하대 주변 맛집인듯합니다.
보리밥은 무한리필.ㅎㅎㅎ",,0.526372075,0,0,0,0,0,0,29,3,1,0.476190476,0,-1,FALSE,0,0.078252629,0,29
"https://map.naver.com/p/entry/place/1878533608?c=13.00,0,0,0,dh",빙그레정육식당 인하대본점,"육류,고기요리",미공개,651,jj975,16,넘 친절하시구 고기도 맛있슴니다!!!,2025-02-27,0.504689455,1,0,0.25,0,1,0,20,3,16,0,0,-1,FALSE,1,0.070573844,0,20
"https://map.naver.com/p/entry/place/1470889138?c=13.00,0,0,0,dh",화양연화,요리주점,미공개,636,벨썬,88,"사장님 시험 끝났습니다 더 자주 봬요
너무 맛있어요 ♡",,0.504250705,0,0,0,0,0,0,30,3,88,0.042918193,0,-1,FALSE,0,0.080421296,0,30
"https://map.naver.com/p/entry/place/20753378?c=15.00,0,0,0,dh",지지고 인천 인하대점,"도시락,컵밥",4.51,508,여행가가재,479,오랜만에 옛날 생각에 사 먹었는데 여전히 맛있어요. 매운맛 강추!! 불닭볶음면 보다도 안 매워요.,,0.584498405,0,1,0,0.076923077,0,1,54,3,479,0,0,-1,FALSE,0,0.121665298,1,54
"https://map.naver.com/p/entry/place/1767613585?c=15.00,0,0,0,dh",뼈앓이감자탕 용현점,감자탕,미공개,242,파란닭,6,"밥을 많이줘서 좋아요
고기도 야들야들하게잘 삶았어요",2025-10-15,0.507508099,0,0,0,0,0,0,28,3,6,0,0,-1,FALSE,0,0.075342887,0,28
"https://map.naver.com/p/entry/place/1111666420?c=13.00,0,0,0,dh",굽네치킨 용현1호점,"치킨,닭강정",미공개,5,김태형6651,2,"친절한 사장님께서 맛있는 치킨, 피자
깔끔하게 준비해 주셨서 잘 먹었습니다.",2025-04-03,0.50496757,1,0,0.1,0,1,0,42,3,2,0,0,-1,FALSE,0,0.115617011,1,42
"https://map.naver.com/p/entry/place/1673075723?c=13.00,0,0,0,dh",헤드라이너,바(BAR),미공개,285,jun****,6,"노래도 좋고 친구들이랑 오기 좋은 것 같습니다!
메뉴도 가성비가 좋아요",2025-04-24,0.502314091,1,1,0.1,0.1,1,1,39,3,1,0.020506425,0,-1,FALSE,1,0.139252205,1,39
"https://map.naver.com/p/entry/place/1470889138?c=13.00,0,0,0,dh",화양연화,요리주점,미공개,636,김거루세챔,31,인하대 홍콩주점 생겨서 방문해봤어요. 대화하면서 술 마시기 좋았어요. 마라전골이 마라 맛이 너무 쎄지 않아서 호불호없이 맛있게 먹을 수 있는 맛이에요😁,,0.533371031,0,0,0,0,0,0,84,3,31,0,0,-1,FALSE,0,0.111547321,1,84
"https://map.naver.com/p/entry/place/1715722424?c=15.00,0,0,0,dh",인하 주먹고기,돼지고기구이,미공개,429,봉구봉구5,53,고기를 직접 구워주어서 먹기 편하고 친절함이 미쳐따 싶을 정도에요 게다가 맛은 말뭐ㅎㅎ 냄새 일도 안나는데 고소하니 맛있아요,,0.520089805,1,0,0.058823529,0,1,0,69,3,53,0,0,0,FALSE,0,0.101173868,1,69
"https://map.naver.com/p/entry/place/1392141383?c=19.19,0,0,0,dh",효자동솥뚜껑 인하대점,돼지고기구이,미공개,608,khk****,31,아이랑 같이 삼겹살 먹으러 인하대 다녀왔어요.고기도 맛있고 된장찌개와 계란찜도 맛있네요.자주 방문할께요^^,2025-08-26,0.504267752,0,0,0,0,0,0,59,3,31,0,0,-1,FALSE,0,0.086851598,0,59
"https://map.naver.com/p/entry/place/1108410654?c=13.00,0,0,0,dh",온뚝,한식,미공개,181,reu****,17,온뚝은 단연 인하대 맛집 탑클래스입니다...,2025-08-14,0.511077881,0,0,0,0,0,0,24,3,17,0.027777778,0,-1,FALSE,1,0.106870775,1,24
"https://map.naver.com/p/entry/place/1574688174?c=15.00,0,0,0,dh",솥고기67번길,돼지고기구이,미공개,557,ckt****,6,너무 맛있어용 인후에서 고기집은 여기로 오세요 다들~~😊😊❤️❤️,2025-03-15,0.508169055,0,0,0,0,0,0,36,3,6,0,0,-1,FALSE,1,0.10691513,1,36
"https://map.naver.com/p/entry/place/1480205995?c=15.00,0,0,0,dh",탕화쿵푸 인천인하대점,마라탕,미공개,62,하나2391,35,"재료가 신선하고 맛있어서 가던 곳인데.. 이제 안가도 될거 같네요.
사장님 3번을 불러야 그제서야 대답하시고, 감사합니다, 잘 먹었습니다 는 말에 대꾸도 안하시고.
그리고 맛도 오늘따라 유난히 물 탄것처럼 싱거웠어요.
마감타임이라 지치고 힘드신 거 아는데 손님 인사 못 받아주실 만큼 힘드셨나 보네요.",2025-04-21,0.419119537,2,0,0.05,0,1,0,168,3,35,0,0,-1,FALSE,0,0.073844529,0,168
"https://map.naver.com/p/entry/place/1426778024?c=15.00,0,0,0,dh",아재불닭발 인하대점,닭발,미공개,354,냠냠앙,56,다들 너무 친절하시고 안주도 맛있어서 잘 먹었습니다 다음에 또 갈게요 감사합니다~~~!!??,2025-06-01,0.509339511,1,0,0.090909091,0,1,0,51,3,56,0.032457265,0,-1,FALSE,0,0.112463554,1,51
"https://map.naver.com/p/entry/place/1574688174?c=15.00,0,0,0,dh",솥고기67번길,돼지고기구이,미공개,557,다코야키그만먹어,32,2인이서 야무지게 잘 먹고 갑니다! 버섯도 있고 반찬 고기 다 맛있었습니다!,,0.503721476,1,0,0.090909091,0,1,0,42,3,32,0,0,-1,FALSE,0,0.085579228,0,42
"https://map.naver.com/p/entry/place/1398227881?c=13.00,0,0,0,dh",시장을여는사람들 인하대점,요리주점,미공개,44,성수최35,28,"뼈없는 감자탕 먹었는데 감자탕 한 번도 안 먹어본 사람이 만든 맛입니다.
앉은 의자에 바퀴벌레 지나가서 먹다 나왔어요",,0.54276526,0,0,0,0,0,0,65,3,28,1,0,-1,FALSE,0,0.137422784,1,65
"https://map.naver.com/p/entry/place/1673075723?c=13.00,0,0,0,dh",헤드라이너,바(BAR),미공개,285,saya8922,8,제가 고른 음악을 들을 수도 있고 칵테일이 너무 맛있었어요~^^,,0.505120814,0,0,0,0,0,0,35,3,8,0,0,-1,FALSE,0,0.132896355,1,35
"https://map.naver.com/p/entry/place/1084145020?c=13.00,0,0,0,dh",수라국수,국수,미공개,329,May644,843,"맛있고 친절해요!
다음에 다른메뉴도 먹어보려고요",,0.511034727,2,1,0.4,0.2,1,1,26,3,843,0.043321579,0,-1,FALSE,0,0.119224464,1,26
"https://map.naver.com/p/entry/place/1711877761?c=13.00,0,0,0,dh",코피아,이탈리아음식,미공개,536,아물이생강캐도난마늘,61,"항상 맛있게 먹어요❤️
양추가햇더니 한 3인분이 돼버렸네용ㅋㅋㅋㅋ",2025-01-02,0.542849064,0,0,0,0,0,0,36,3,61,0.029896877,0,-1,FALSE,0,0.102247015,1,36
"https://map.naver.com/p/entry/place/33782586?c=13.00,0,0,0,dh",킹콩순두부,한식,4.46,165,Jota2019,679,학생때 가보고 오랜만에 갔는데 그때그맛! 맛있게 먹었어요~~^^,,0.507515132,0,0,0,0,0,0,35,3,679,0.039365079,0,-1,FALSE,0,0.133630887,1,35
"https://map.naver.com/p/entry/place/1999087809?c=13.00,0,0,0,dh",교반 인하대점,한식,미공개,186,김기범6,35,항상 맛있고 친절하십니다~ 또 올게요~,2025-09-16,0.502980709,1,0,0.2,0,1,0,21,3,35,0.203463203,0,-1,FALSE,0,0.072678462,0,21
"https://map.naver.com/p/entry/place/1678525038?c=13.00,0,0,0,dh",삼청당 인하대점,분식,미공개,620,흑흑쓰,71,"인하대후문 김밥맛집이에요!! 다이어트중인데 행복식단 가능합니다,, 땡초는 꽤 많이 매워요~!~!",2025-04-21,0.611051321,0,0,0,0,0,0,53,3,71,0,0,-1,FALSE,1,0.093963922,1,53
"https://map.naver.com/p/entry/place/1075301874?c=15.00,0,0,0,dh",일미닭갈비파전 인하대점,닭갈비,미공개,190,아이엠써닝,344,맛있어요!! 맵찔인 저희 커플에게 좀 많이 매워서 다음엔 덜 맵게 해달라고 요청드려야겠어요ㅠㅠ,,0.635171711,0,0,0,0,0,0,52,3,344,0,0,-1,FALSE,0,0.082800794,0,52
"https://map.naver.com/p/entry/place/1077339099?c=13.00,0,0,0,dh",칠만시대주점,중식당,미공개,27,헬라또,70,용현동맛집 찾았습니다 바로 여기에요 칠만시대주점!!음식 종류도 다양하고 하나같이 다 맛있어요ㅠㅠ중국 본토 맛이라 왠만하면 다 좋아할 맛입니다 인천 또간집으로 탕탕탕!,,0.505515754,0,1,0,0.052631579,0,1,92,3,70,0,0,-1,FALSE,0,0.116874326,1,92
"https://map.naver.com/p/entry/place/1574688174?c=15.00,0,0,0,dh",솥고기67번길,돼지고기구이,미공개,557,쪼꼬미공쥬,364,고기가 두툼하고 솥뚜껑에 구워 먹어서 맛있어여ㅎ,,0.513161242,0,0,0,0,0,0,26,3,364,0.105555556,0,-1,FALSE,1,0.126787524,1,26
"https://map.naver.com/p/entry/place/1381954440?c=15.00,0,0,0,dh",주접집,요리주점,미공개,322,mm****,531,안주가 좋아서 술도 맛있게 잘 먹었네여 ㅎㅎ 해물 순두부 열라면 완전 추천이용,,0.507214427,1,0,0.083333333,0,1,0,43,3,531,0,0,-1,FALSE,1,0.104826621,1,43
"https://map.naver.com/p/entry/place/1574688174?c=15.00,0,0,0,dh",솥고기67번길,돼지고기구이,미공개,557,찐빵34,51,직원분들이 친절하고 매장도 넓고 깨끗하고 고기도 맛있어요!!,,0.502947927,2,0,0.285714286,0,1,0,33,3,51,0.031257631,0,-1,FALSE,1,0.08097492,0,33
"https://map.naver.com/p/entry/place/1590101380?c=13.00,0,0,0,dh",타슈켄트,터키음식,미공개,23,xx1****,59,케밥맛집이라길래 들려봤습니당ㅎㅎ지인추천으로 방문했어요~! 아무래도 인하대앞이라그런지 외국인분들이 많으시더라구요 해외에 와서 먹는 느낌으로 이색적이고 즐거웠습니당 ㅎㅎㅎ맛도있어서 다음에 꼭 한번 더 갈게요~,,0.536084056,0,1,0,0.052631579,0,1,114,3,59,0.333333333,0,-1,FALSE,0,0.10628465,1,114
"https://map.naver.com/p/entry/place/1999087809?c=13.00,0,0,0,dh",교반 인하대점,한식,미공개,186,아물이생강캐도난마늘,61,"이주동안 벌써 두번이나 왔어요
너무 맛있어용
된장찌개도 강추합니다 ㅎㅎ",2025-05-23,0.504674435,0,0,0,0,0,0,39,3,61,0.029896877,0,-1,FALSE,0,0.125265011,1,39
"https://map.naver.com/p/entry/place/1963692965?c=15.00,0,0,0,dh",정인곱창 인하본점,"곱창,막창,양",4.77,418,sun****,17,대구 막창 인천에서 즐길 수 있을만큼 맛있어요 👍🏻,2025-08-14,0.503237963,0,0,0,0,0,0,28,3,22,0.020985466,1,-1,FALSE,1,0.075266221,0,28
"https://map.naver.com/p/entry/place/2009691902?c=15.00,0,0,0,dh",디탕 인하대점,베트남음식,미공개,376,부지기수34,45,"인하대맛집 디탕ㅇㅇ
팟타이 너무 먹고 싶었는데 핵맛남...",2025-07-08,0.527553916,0,0,0,0,0,0,32,3,45,0,0,-1,FALSE,0,0.105813083,1,32
"https://map.naver.com/p/entry/place/1801858940?c=13.00,0,0,0,dh",하하돈면,한식,미공개,262,남가은75,7,"처음와봤는데 가격도 착하고 돈가스가 맛있었어요!♥️ 셀프바에 스프와 국, 추가 샐러드가 있어 좋았습니다😃",,0.504553795,0,1,0,0.083333333,0,1,58,3,7,0,0,-1,FALSE,1,0.123377767,1,58
"https://map.naver.com/p/entry/place/1770290012?c=15.00,0,0,0,dh",커리야,인도음식,4.62,907,라이언lion,46,맛있어용 오랜만에 오는뎅 여전하네용!! 근데 오늘의 커리가 없어져서 너무 아쉬워요유ㅠㅠ,2025-09-29,0.792870045,0,0,0,0,0,0,48,3,46,0,0,-1,FALSE,0,0.095079569,1,48
"https://map.naver.com/p/entry/place/1294587914?c=13.00,0,0,0,dh",레오펍 인하대점,피자,4.68,564,미식방랑가,947,인하대 후문 4차 맥주 마시기. 밝고 깨끗하여 집에 들어가기 전 한 잔 하기 좋은 곳이다. 예전에는 술 마시고 새벽에 우동을 먹거나 짜장면을 먹기도 했는데 오늘은 피자와 웨지감자를 먹었다. 탄수화물이 이렇게 좋다니! 생맥주도 4000원이어서 더 마시고 싶었으나 불러놓은 택시가 있어 빠이하고 집으로. 배는 든든하다. ,,0.510633767,0,0,0,0,0,0,177,3,947,0.023204044,0,-1,FALSE,0,0.077790265,0,177
"https://map.naver.com/p/entry/place/1715722424?c=15.00,0,0,0,dh",인하 주먹고기,돼지고기구이,미공개,429,danaaaaaa,360,인하대역 주변 고깃집에서 제일 맛있어용,,0.50830394,0,0,0,0,0,0,21,3,360,0,0,-1,FALSE,1,0.071951273,0,21
"https://map.naver.com/p/entry/place/1623784940?c=13.00,0,0,0,dh",또취,요리주점,미공개,453,이승현5644,2,두부김치  기본으로주는데 거짓말 안치고 다섯번 먹었습니다 왜 이렇게 맛있나요 국물 안주먹고 소주 다섯병 마셨습니다,,0.568468809,0,0,0,0,0,0,63,3,2,0,0,-1,FALSE,0,0.123053516,1,63
"https://map.naver.com/p/entry/place/1678525038?c=13.00,0,0,0,dh",삼청당 인하대점,분식,미공개,620,bra****,22,맛있어요 또올거 같아요 인하대 맛집 개강추 싹싹 비웠네요‘,,0.509177029,0,0,0,0,0,0,32,3,22,0,0,-1,FALSE,0,0.114160106,1,32
"https://map.naver.com/p/entry/place/1392141383?c=19.19,0,0,0,dh",효자동솥뚜껑 인하대점,돼지고기구이,미공개,608,oki****,23,어떡하죠 두번째 방문입니당 ❤️❤️ 맛있게 먹어서 또 오게 되네용 번창하세요 ♥️,2025-07-18,0.505455434,0,0,0,0,0,0,45,3,23,0.042929293,0,-1,FALSE,0,0.079834824,0,45
"https://map.naver.com/p/entry/place/2098595079?c=13.00,0,0,0,dh",행컵 인하대점,"도시락,컵밥",미공개,273,안녕5291,9,가격도 적당하고 맛도 정말 좋네요. 다음에 또 방문할거 같습니다!,2025-07-17,0.502815902,0,0,0,0,0,0,36,3,9,0,0,-1,FALSE,0,0.14523518,1,36
"https://map.naver.com/p/entry/place/1574688174?c=15.00,0,0,0,dh",솥고기67번길,돼지고기구이,미공개,557,잰이3859,52,"뷰 맛집! 고기맛집!
지나가다 뷰가 좋아서왔는데 넘좋네요
요즘날씨에 딱입니다
고기,김치,버섯,미나리 조합도 짱~~",,0.50369674,0,0,0,0,0,0,63,3,52,0,0,-1,FALSE,1,0.094622806,1,63
"https://map.naver.com/p/entry/place/1953650417?c=13.00,0,0,0,dh",두루정 인하대점,한식,미공개,418,빈이6833,164,사장님 직원분들 다들 너무 친절하시고 양도 맛도 너무 최고에요~~!!밑반찬도 깔끔하고 셀프로 이용할 수있어 너무 좋았어요!!앞으로 두루치기 먹고 싶을때 자주 와야겠네욤😍😍,,0.504073679,3,0,0.15,0,1,0,95,3,164,0,0,-1,FALSE,0,0.08973784,1,95
"https://map.naver.com/p/entry/place/1034790169?c=15.00,0,0,0,dh",미식당,양식,미공개,610,그레이트티쳐62,1,가성비 하나는 좋음 고르곤 졸라 피자는 밀가루 맛이 너무 나서 비추입니다,,0.686483264,0,0,0,0,0,0,40,3,1,0.012241019,0,-1,FALSE,0,0.138655823,1,40
"https://map.naver.com/p/entry/place/1479468560?c=15.00,0,0,0,dh",한창희천하일면 인하대점,국수,미공개,395,두리뭉실8956,110,"생마늘이 신의 한수네요
알싸하면서 깊은 국물을 계속 떠먹게 되네요
ㅎㅎ고기국수 맛집입니다
칼국수면 식감도 너무 좋아요",2025-10-14,0.508084714,0,0,0,0,0,0,65,3,110,0.043478261,0,-1,FALSE,0,0.116290556,1,65
"https://map.naver.com/p/entry/place/1770290012?c=15.00,0,0,0,dh",커리야,인도음식,4.62,907,j8****,11,지금 한 5번째 방문인데 늘 맛있어요!!! 굳굳!!!,2025-10-14,0.502633274,0,0,0,0,0,0,29,3,11,0.076923077,0,-1,FALSE,0,0.144027142,1,29
"https://map.naver.com/p/entry/place/1294155308?c=13.00,0,0,0,dh",진화쿵푸마라탕,중식당,미공개,717,오바뤼신부,235,"마라샹궈 조금 짰는데 그래도 맛있어요
마라탕 3단계ㅋㅋㅋ 적당히 매워요 딱좋아
꿔바로우는 식감 진짜 도랐.....
그냥 백퍼센트 찹쌀인가요
겉바속촉 정석!!! 진짜 맛있게 먹었네요
",,0.553045511,0,0,0,0,0,0,101,3,235,0.018050404,0,-1,FALSE,0,0.084915159,0,101
"https://map.naver.com/p/entry/place/2009691902?c=15.00,0,0,0,dh",디탕 인하대점,베트남음식,미공개,376,양배추4541,22,오늘 처음 와봤는데 넘 맛있어요...❤️❤️ 쌀국수가 최고 반쎄오도 쫀맛이에용!! 그리구 태국 돼지고기과자도 무나하구있어욬ㅋㅋㅋㅋ,2025-09-21,0.504587173,0,0,0,0,0,0,72,3,22,0,0,-1,FALSE,1,0.10489777,1,72
"https://map.naver.com/p/entry/place/1517096100?c=13.00,0,0,0,dh",오썸,"맥주,호프",미공개,13,rlaalsgml,24,친절하시고 조용히 먹기 좋아여 ㅎㅎㅎ사장님도 너무 친절하시고 ,,0.510966182,2,0,0.285714286,0,1,0,34,3,24,1,0,-1,FALSE,1,0.080930302,0,34
"https://map.naver.com/p/entry/place/1307296974?c=13.00,0,0,0,dh",마포생갈비 용현점,"육류,고기요리",4.63,216,냠이217,16,삼겹살이 땡겨서 네이버 보고 찾아왔는데 고기 양도 많고 사장님이 너무 친절하세요 !! 앞으로 집 앞 근처라 자주 방문할거 같네요 ㅎㅎ 맛있습니다 사장님 번창하세요 !!!!,,0.504905462,1,1,0.041666667,0.041666667,1,1,95,3,16,0,0,-1,FALSE,0,0.105618074,1,95
"https://map.naver.com/p/entry/place/1846560528?c=15.00,0,0,0,dh",대패공장,"육류,고기요리",미공개,46,엔돌핀루이,1,진짜 혼자 자주 가서 5-6인분 먹는 곳~ 가성비 최고 고기도 넘 맛남 친절함에 반함,2025-09-22,0.5286237,1,0,0.071428571,0,1,0,47,3,1,0.00861301,0,-1,FALSE,0,0.136294618,1,47
"https://map.naver.com/p/entry/place/1574688174?c=15.00,0,0,0,dh",솥고기67번길,돼지고기구이,미공개,557,waw****,4,고기 양도 많고 가성비 있고 맛있었습니다. 반찬도 괜찮아요.,2025-09-22,0.502897203,1,0,0.125,0,1,0,33,3,14,0,0,-1,FALSE,1,0.133686655,1,33
"https://map.naver.com/p/entry/place/1037310425?c=13.00,0,0,0,dh",춘리마라탕,마라탕,미공개,416,연듀콩이,1,항상 마라탕은 여기서만 먹어요‼️ 너무 맛있어요🫶🏻,,0.369050622,0,0,0,0,0,0,28,3,1,0.012432726,0,-1,FALSE,0,0.085033345,0,28
"https://map.naver.com/p/entry/place/1957094833?c=15.00,0,0,0,dh",포케품은초밥 인하대점,"초밥,롤",미공개,416,pob****,7,"두번째 방문🌿♡
맛있고 매장도 깔끔해서 좋아요!!",2025-04-16,0.502592206,0,0,0,0,0,0,27,3,7,0.083333333,0,-1,FALSE,0,0.080084754,0,27
"https://map.naver.com/p/entry/place/1004153329?c=13.00,0,0,0,dh",더문칵테일,바(BAR),미공개,65,리뷰왕87,1,친구와 칵테일바를 갔는데 사장님께서 직접 제조해주시고 설명도 잘해주셔서 좋았어요 인테리어도 깔끔하고 노래도 좋아 분위기 최고입니다,,0.502357125,0,0,0,0,0,0,72,3,1,0,0,-1,FALSE,0,0.111092376,1,72
"https://map.naver.com/p/entry/place/1767613585?c=15.00,0,0,0,dh",뼈앓이감자탕 용현점,감자탕,미공개,242,showsk123,29,언제와도 항상 양 많고 맛있어서 좋아요👍,2025-10-14,0.503110826,0,0,0,0,0,0,22,3,29,0.044444444,0,-1,FALSE,0,0.073651089,0,22
"https://map.naver.com/p/entry/place/1294155308?c=13.00,0,0,0,dh",진화쿵푸마라탕,중식당,미공개,717,아몽아66,23,다른 지점에 비해 맛이 되게 깔끔해요! 지금 고기반값 이벤트도 해서 가성비 좋게 먹고가요ㅎㅎ,,0.504811943,0,0,0,0,0,0,51,3,23,0.040792541,0,-1,FALSE,1,0.085549466,0,51
"https://map.naver.com/p/entry/place/1426778024?c=15.00,0,0,0,dh",아재불닭발 인하대점,닭발,미공개,354,달고나푸딩,18,한번 직화닭발 포장해먹었었는데 맛있어서 국물닭발도 먹으러 왔어요 !! 매장도 쾌적하고 내부에 구비되어있는 것도 많아서 좋아요 사장님이 세심하신것 같습니다 ???????? 계란찜이랑 똥집튀김도 넘 맛있어요!!,2025-05-17,0.506852627,0,0,0,0,0,0,115,3,18,0.034259259,0,-1,FALSE,0,0.078596835,0,115
"https://map.naver.com/p/entry/place/1434365007?c=13.00,0,0,0,dh",연곱,"곱창,막창,양",미공개,51,뭐니 머니,64,"가성비가 갑입니다!
대학가맛집으로 추천~^^",,0.502856791,0,0,0,0,0,0,24,3,64,1,0,-1,FALSE,1,0.111192652,1,24
"https://map.naver.com/p/entry/place/1470889138?c=13.00,0,0,0,dh",화양연화,요리주점,미공개,636,탕수육먹고싶,576,"안주가 다맛있고 친절하고 분위기도 굿 인하대 갈때마다 갈래요 💛👍🏻
연태하이볼 + 짬뽕탕 + 꿔바로우 +볶음밥 조합 강추",,0.503544867,1,0,0.058823529,0,1,0,67,3,576,0,0,-1,FALSE,0,0.131411828,1,67
"https://map.naver.com/p/entry/place/1295827296?c=13.00,0,0,0,dh",닭큐멘터리,"치킨,닭강정",4.71,67,그림자놀이,351,"오랜 단골이에요 인하대에 ...인천에 이런곳 이 있어 너무 다행입니다. 사장님 건강하게 오래 해주세요 ~
후라이드 양념 최고~~",2025-01-11,0.509782553,1,0,0.058823529,0,1,0,71,3,351,0,0,-1,FALSE,0,0.123889636,1,71
"https://map.naver.com/p/entry/place/1406506965?c=15.00,0,0,0,dh",하노이별 인하대점,베트남음식,미공개,430,재재랍니다,21,양이 웬만한 베트남 쌀국수 집과는 비교할 수 없을정도로 많네요ㄷㄷ 특히 소고기 팟타이는 진짜 꼭두셔보시길..!,,0.688699126,0,0,0,0,0,0,61,3,21,0,0,-1,FALSE,0,0.094033396,1,61
"https://map.naver.com/p/entry/place/1710907962?c=13.00,0,0,0,dh",뭉클로 샌드위치 디저트,샌드위치,미공개,140,레인보우샤베트69,25,"참치빵빵 샌드위치 너무 맛있어요!!
입안에 참치가 한가득 먹으면서 행복했어요ㅋㅋ
사장님도 되게 친절하시네요~ 단골 한명 추가요~!!",,0.504654169,1,0,0.066666667,0,1,0,73,3,25,0,0,-1,FALSE,0,0.106611151,1,73
"https://map.naver.com/p/entry/place/1536964052?c=13.00,0,0,0,dh",한상,한식,미공개,347,김다삐,31,양도 많고 맛있어요!! 매장도 넓고 정말 좋아요~~,2025-04-22,0.502514124,0,0,0,0,0,0,28,3,31,0.056849242,0,-1,FALSE,1,0.104143305,1,28
"https://map.naver.com/p/entry/place/37762180?c=15.00,0,0,0,dh",미로곱창볶음집 인하대점,"곱창,막창,양",4.48,556,어진9,24,"진짜 고딩때부터 감 벌써 5년째..
저 영수증 리뷰 귀찮아서 잘 안쓰는데 여기 진짜 맛있음…ㅠㅠㅠㅠ",,0.512265563,0,0,0,0,0,0,55,3,24,0,0,-1,FALSE,0,0.094422505,1,55
"https://map.naver.com/p/entry/place/1102006774?c=13.00,0,0,0,dh",샐러리아 인하대점,"다이어트,샐러드",미공개,634,쭈랭eee,15,음식도 빨리 나오고 매장도 깔끔했어요!,,0.502432227,0,1,0,0.2,0,1,21,3,15,0,0,-1,FALSE,1,0.133409898,1,21
"https://map.naver.com/p/entry/place/1133615983?c=13.00,0,0,0,dh",왕돈까스,돈가스,미공개,445,이달의리뷰왕일걸,1,맛있게 잘먹고 갑니다! 돈까스 곱배기양이 줄은거 같아서 아쉬웠어요,,0.744381189,0,0,0,0,0,0,36,3,1,0.045712232,0,-1,FALSE,0,0.089225387,1,36
"https://map.naver.com/p/entry/place/1536964052?c=13.00,0,0,0,dh",한상,한식,미공개,347,홍채원77,6,쁘띠쩰 주셨어요 맛있어요 고기많아요 짱짱,2025-03-05,0.503250897,0,0,0,0,0,0,22,3,6,0,0,-1,FALSE,1,0.080732347,0,22
"https://map.naver.com/p/entry/place/36271040?c=15.00,0,0,0,dh",이모떡즉석떡볶이,떡볶이,4.64,464,억억그,806,떡볶이 맛집으로 듣고와서 방문해서 포장해왔는데 진짜 즉떡 맛있었슴다! 떡이 말랑말랑해서 좋군요,,0.506023169,0,0,0,0,0,0,52,3,806,0,0,-1,FALSE,0,0.11191202,1,52
"https://map.naver.com/p/entry/place/1403450091?c=18.31,0,0,0,dh",하이볼마또,퓨전음식,미공개,587,파수꾼9449,245,처음 방문했는데 음식이 다양하고 맛있어서 좋아요!,,0.503498435,0,1,0,0.166666667,0,1,27,3,245,0,0,-1,FALSE,1,0.097824873,1,27
"https://map.naver.com/p/entry/place/1711877761?c=13.00,0,0,0,dh",코피아,이탈리아음식,미공개,536,잉1284,293,"가성비 너무 좋아요!!!! 매장도 아늑하고 맛있어요>.,<
미추홀구 브런치 맛집을 찾으신다면!!!
방문해보세요 😆 가격도 괜찮고! 세트구성도
너무 좋아요",,0.505118072,0,0,0,0,0,0,85,3,293,0.085411943,0,-1,FALSE,1,0.13762822,1,85
"https://map.naver.com/p/entry/place/1957094833?c=15.00,0,0,0,dh",포케품은초밥 인하대점,"초밥,롤",미공개,416,dia****,28,너무 맛있게 잘먹었어요~~! 담에 또 올게욥,2025-04-18,0.505415916,0,0,0,0,0,0,24,3,28,0.090909091,0,-1,FALSE,0,0.129341098,1,24
"https://map.naver.com/p/entry/place/224003039?c=13.00,0,0,0,dh",소울림 왕족발 보쌈,"족발,보쌈",4.65,162,lim****,93,"배민 후기가 좋아서 냉채족발 중 포장했는데 구성 좋고 양많고 채소도 싱싱 재료 안 아끼시네요 짱 맛있음 또 가려구요 사장님 친절하셔서 기분 좋게 먹음
사진엔 없지만 샐러드도 한팩더",,0.513681293,1,0,0.037037037,0,1,0,100,3,45,0.09094162,0,-1,FALSE,0,0.143151441,1,100
"https://map.naver.com/p/entry/place/2009691902?c=15.00,0,0,0,dh",디탕 인하대점,베트남음식,미공개,376,다람014,44,"반쎄오가 진짜!!! 대박!! 맛있어요 ㅠㅠ🩷🩷
직원분들 모두가 넘 친절하시구 파이팅 넘치세요 ㅎㅎ",2025-09-10,0.504323661,2,0,0.166666667,0,1,0,54,3,44,0,1,-1,FALSE,1,0.072425872,0,54
"https://map.naver.com/p/entry/place/2009691902?c=15.00,0,0,0,dh",디탕 인하대점,베트남음식,미공개,376,Gia68,42,"우연히 지나가다 들린 맛집이였습니다.
사장님 직원분들도 친절하시고
쌀국수 반쎄오도 완전 맛있어요
특히 반쎄오는 역시 직접 와서 먹어야 겠어요",2025-07-26,0.528957665,2,0,0.111111111,0,1,0,78,3,42,0,0,-1,FALSE,0,0.111948189,1,78
"https://map.naver.com/p/entry/place/1133615983?c=13.00,0,0,0,dh",왕돈까스,돈가스,미공개,445,없나있나51,28,여기 월1회씩 근10년이상 먹는데 돈까스 특유의소스와 양은 최고입니다. 어느돈까스집 왕돈까스 시켜도 여기 곱배기 8천원보다 양못해요 완전최고에요,,0.505134284,0,0,0,0,0,0,80,3,28,0,0,-1,FALSE,0,0.139597894,1,80
"https://map.naver.com/p/entry/place/1939722709?c=13.00,0,0,0,dh",덮수룩,한식,미공개,149,Insoo Park,24,"그래도 자주 와서 먹는곳,,,
맛있어여,,,",2025-08-09,0.529519439,0,0,0,0,0,0,25,3,24,0,0,-1,FALSE,0,0.082028135,0,25
"https://map.naver.com/p/entry/place/1574688174?c=15.00,0,0,0,dh",솥고기67번길,돼지고기구이,미공개,557,heo****,503,"대학가 근처여서 확실히 저렴 합니다
저렴한데 퀄리티도 좋아서 가성비 굿 입니다",,0.502269626,0,1,0,0.090909091,0,1,43,3,8,0,0,-1,FALSE,1,0.101938379,1,43
"https://map.naver.com/p/entry/place/1767613585?c=15.00,0,0,0,dh",뼈앓이감자탕 용현점,감자탕,미공개,242,rkd****,10,저번에도 와서 먹었는데 맛있어서 또 왔어요 ㅎㅎ 이 주변 감자탕 1등입니다!! 날도 추운데 뜨끈한 국물 먹기 너무 좋아요 다들 먹으러 오세요!!!!!!🤤🤤,2025-10-05,0.50719595,0,0,0,0,0,0,86,3,6,0.026241899,0,-1,FALSE,0,0.08202427,0,86
"https://map.naver.com/p/entry/place/36004062?c=13.00,0,0,0,dh",맛사랑,한식,미공개,403,룰루꾸꾸,1,보글보글 부대찌개 맛있게 잘 먹었습니다^^,,0.505340219,0,0,0,0,0,0,23,3,1,0.007910742,0,-1,FALSE,1,0.101009383,1,23
"https://map.naver.com/p/entry/place/1102006774?c=13.00,0,0,0,dh",샐러리아 인하대점,"다이어트,샐러드",미공개,634,gyd****,38,"매장도 넓고 쾌적해서 좋고, 메뉴도 다양해서 좋습니다! 훈제오리 포케 시켰는데 너무 맛있습니다💗",2025-05-21,0.502622306,1,1,0.083333333,0.083333333,1,1,53,3,38,0,0,-1,FALSE,1,0.089004823,1,53
"https://map.naver.com/p/entry/place/1536964052?c=13.00,0,0,0,dh",한상,한식,미공개,347,yo****,54,분위기도 좋고 가격도 착해요 자주 올게요,2025-04-29,0.502552569,0,0,0,0,0,0,22,3,54,0.045758871,0,-1,FALSE,1,0.072586726,0,22
"https://map.naver.com/p/entry/place/1037310425?c=13.00,0,0,0,dh",춘리마라탕,마라탕,미공개,416,뚜루91,1,맛은 그냥저냥 무난함 다른 마라탕집보다 좀 비싼 편,,0.864618063,0,0,0,0,0,0,28,3,1,0.000584795,0,-1,FALSE,0,0.082528519,0,28
"https://map.naver.com/p/entry/place/1574688174?c=15.00,0,0,0,dh",솥고기67번길,돼지고기구이,미공개,557,애기곤듀,25,"데이트하기 딱 좋은 인하대 맛집이에요 ✌️✌️
다음에 또 오고 싶어요 !!!
감사히 잘 먹었어요🥵🥵 미나리 삼겹살 강추 🥳",,0.504752994,0,0,0,0,0,0,68,3,25,0,0,-1,FALSE,1,0.106536891,1,68
"https://map.naver.com/p/entry/place/1344154314?c=15.00,0,0,0,dh",레커훈스 인하대점,"치킨,닭강정",미공개,199,812lkb,9,거리가 가까워서 자주 포장해서 먹어요,,0.594749212,0,0,0,0,0,0,20,3,9,0,0,-1,FALSE,0,0.078482665,0,20
"https://map.naver.com/p/entry/place/1406506965?c=15.00,0,0,0,dh",하노이별 인하대점,베트남음식,미공개,430,샛딤,31,쌀국수가 전체적으로 깔끔하고 양이 많아서 좋았어요!! 고기양도 많아서 면이랑 계속 같이 먹을 수 있어 좋더라구요ṑṑṑ 테이블도 넓고 가게 분위기도 좋아요👍,,0.503542423,0,0,0,0,0,0,86,3,31,0.03030303,0,-1,FALSE,1,0.089670798,1,86
"https://map.naver.com/p/entry/place/1032865736?c=13.00,0,0,0,dh",국민정서 인하대후문점,요리주점,미공개,409,and****,6,"저번에 한번 왔던 곳인데 반주하기 되게 좋은거 같아요!! 안주들도 넘 맛있구 인테리어도 깔끔해요
1차로 오시는고 추천할게요!!!",2025-06-14,0.503099442,0,0,0,0,0,0,71,3,6,0.025343497,1,-1,FALSE,0,0.10850069,1,71
"https://map.naver.com/p/entry/place/1953650417?c=13.00,0,0,0,dh",두루정 인하대점,한식,미공개,418,김상호48,49,"두루정 돼지김치 짜글이 맛있습니당 !
다들 꼭 한번 드셔보세요",,0.533588409,0,0,0,0,0,0,34,3,49,0.015151515,0,-1,FALSE,1,0.094673432,1,34
"https://map.naver.com/p/entry/place/1426778024?c=15.00,0,0,0,dh",아재불닭발 인하대점,닭발,미공개,354,HJW11,6,인하대에서 유명하다고 해서 왔는데 국물닭발 진짜 맛있어요 !! 매운 걸 엄청 잘먹는 편이 아니라 조금 더 덜 맵게 부탁드렸더니 덜 맵게도 해주시더라구요 푸딩계란찜도 엄청 부드럽고 양 많습니다!,2025-11-03,0.5567891,0,0,0,0,0,0,107,3,6,0,0,-1,FALSE,0,0.091026878,1,107
"https://map.naver.com/p/entry/place/1034790169?c=15.00,0,0,0,dh",미식당,양식,미공개,610,맛있으면 사진을 남기는 베짱이,697,"베이컨로제 맛있음.
오일파스타 맛이 변함. 5% 부족한 맛에
들어간 가지같은 아삭한 식감의 채소는 어울리지 않는 맛.",,0.633473516,0,0,0,0,0,0,65,3,697,0.001841587,0,-1,FALSE,0,0.107062494,1,65
"https://map.naver.com/p/entry/place/1403450091?c=18.31,0,0,0,dh",하이볼마또,퓨전음식,미공개,587,아아2912,6,"친절하시고 음식이 너무 맛있어요
단골하겠습니다!!",,0.504061103,1,1,0.2,0.2,1,1,27,3,6,0,0,-1,FALSE,0,0.073041074,0,27
"https://map.naver.com/p/entry/place/1102006774?c=13.00,0,0,0,dh",샐러리아 인하대점,"다이어트,샐러드",미공개,634,jini69,8,양도 많고 맛있어요 분위기도 좋아요 매장 커요,2025-01-25,0.503083706,0,0,0,0,0,0,25,3,8,0,0,-1,FALSE,1,0.094759884,1,25
"https://map.naver.com/p/entry/place/1032865736?c=13.00,0,0,0,dh",국민정서 인하대후문점,요리주점,미공개,409,이채훈1,29,김치찜 고기가 너무 많아서 좋아요 식사 대용으로 오기도 좋고 안주좋은 술집느낌 너무 좋습니다 그리고 고기도 야들야들 하고 김치도 진국인게 찐맛집인정입니다. 자주 올게영!,2025-03-22,0.503320813,0,2,0,0.090909091,0,1,94,3,29,0,1,-1,FALSE,0,0.090851396,1,94
"https://map.naver.com/p/entry/place/38548187?c=15.00,0,0,0,dh",영지숯불갈비 본점,돼지고기구이,미공개,435,밝은햇살럽,345,"가격도 저렴하고 양도 푸짐하고 ㅎㅎㅎ
배터지게 잘먹고 왔습니다❤️❤️ 갈비는 요기가 최고입니다!!!
#인하대갈비#용현동맛집#맛있는고기",,0.503398418,0,1,0,0.083333333,0,1,74,3,345,0.037986705,0,-1,FALSE,1,0.116790355,1,74
"https://map.naver.com/p/entry/place/1957094833?c=15.00,0,0,0,dh",포케품은초밥 인하대점,"초밥,롤",미공개,416,유진21,20,인하대 초밥집 중에서 가장 맛있고 퀄리티가 좋네요! 세트 구성 알차고 양이 많아서 가성비인 것 같아요. 인테리어도 귀여워요,2025-08-23,0.503059626,1,1,0.058823529,0.058823529,1,1,68,3,20,0,0,-1,FALSE,0,0.118700026,1,68
"https://map.naver.com/p/entry/place/1424888459?c=13.00,0,0,0,dh",양궈푸마라탕 인하대점,마라탕,미공개,330,sod****,1,"재료가 신선하고 맛있어용♡
진짜 마라탕 땡길때 한번씩 먹으러 오세용",2025-07-02,0.522730291,0,0,0,0,0,0,37,3,1,0,0,-1,FALSE,0,0.124551688,1,37
"https://map.naver.com/p/entry/place/34551133?c=13.00,0,0,0,dh",숭의갈비,"육류,고기요리",미공개,113,탱콩보리,90,돼지발비가 달지않고깔끔하다~반찬들도맛있고,2025-02-28,0.509377301,1,0,0.5,0,1,0,22,3,90,0,0,-1,FALSE,0,0.070209859,0,22
"https://map.naver.com/p/entry/place/1574688174?c=15.00,0,0,0,dh",솥고기67번길,돼지고기구이,미공개,557,미니마니7,7,오랜만에 복학하고 친구와 왔는데 끝집고기에서 여기로 바뀌었다는 소식을 듣고 왔습니다. 예전 그대로네요🙂,2025-01-11,0.511629105,0,0,0,0,0,0,57,3,7,0,0,-1,FALSE,0,0.097896529,1,57
"https://map.naver.com/p/entry/place/20550561?c=15.00,0,0,0,dh",닭살부부,"치킨,닭강정",미공개,327,박하ss,1,"전기구이통닭. 목삼겹.
파무침이랑 먹으면 더 맛있어서
두번이나 주문해서 먹었어요~",,0.532802641,2,0,0.222222222,0,1,0,45,3,1,0.014833075,0,-1,FALSE,0,0.074323879,0,45
"https://map.naver.com/p/entry/place/2098595079?c=13.00,0,0,0,dh",행컵 인하대점,"도시락,컵밥",미공개,273,Sandy72,1,우선 맛있어요!! 양도 많고 가성비 굿이네용! 치킨마요 단짠이고 마카로니 로제 떡볶이도 매콤하니 맛있어요 👍,2025-09-03,0.502943635,0,1,0,0.071428571,0,1,60,3,1,0.004352347,0,-1,FALSE,0,0.127318252,1,60
"https://map.naver.com/p/entry/place/1999087809?c=13.00,0,0,0,dh",교반 인하대점,한식,미공개,186,냠냠앙,56,다들 친절하시고 양도 많아요! 맛있게 먹고 갑니다👍,2025-07-10,0.503168941,1,0,0.142857143,0,1,0,28,3,56,0.032457265,1,-1,FALSE,1,0.072077004,0,28
"https://map.naver.com/p/entry/place/1536964052?c=13.00,0,0,0,dh",한상,한식,미공개,347,심하영22,21,"정갈하게 집밥먹는 느낌이라 너무 좋아요!!
밥도 반찬도 리필되서 잘먹눈사람한테도 좋은거같아요☺️❤️",2025-03-24,0.503865719,1,1,0.1,0.1,1,1,55,3,21,0.014621818,0,-1,FALSE,0,0.08602807,0,55
"https://map.naver.com/p/entry/place/1406506965?c=15.00,0,0,0,dh",하노이별 인하대점,베트남음식,미공개,430,색종이93,9,인하대 앞 베트남 음식점 중에 젤 맛깔나용 ㅎㅎ 다 친절하시구요,,0.508964658,1,1,0.1,0.1,1,1,35,3,9,0,0,-1,FALSE,0,0.140366017,1,35
"https://map.naver.com/p/entry/place/1384879006?c=13.00,0,0,0,dh",라향각마라탕 인하대점,중식당,미공개,429,yoo****,389,#인하대#후문#인후#맛집#마라탕#라향각#건두부고추볶음#마라샹궈#마라반#꿔바로우,,0.529722691,0,0,0,0,0,0,43,3,8,0.017039751,0,-1,FALSE,1,0.089115426,1,43
"https://map.naver.com/p/entry/place/1536964052?c=13.00,0,0,0,dh",한상,한식,미공개,347,최은혜1,10,맛있게 잘 먹었습니다!! 다음에 또 올게요~~~,2025-03-18,0.504667342,0,0,0,0,0,0,26,3,10,0.4,0,-1,FALSE,0,0.093202637,1,26
"https://map.naver.com/p/entry/place/1426778024?c=15.00,0,0,0,dh",아재불닭발 인하대점,닭발,미공개,354,강민구872,6,닭발 아주 맛있도 인하대생 소주 or 맥주 공짜 개꿀 이벤트입니다 아재 셋이서 왔지만 아재 아니어도 와도 됨 ㅋ,2025-05-21,0.507615983,0,0,0,0,0,0,62,3,6,0,0,-1,FALSE,0,0.112063028,1,62
"https://map.naver.com/p/entry/place/1133615983?c=13.00,0,0,0,dh",왕돈까스,돈가스,미공개,445,더우맘,1,여긴 항상 너무 너무 맛있어요! 가성비 최고~~,,0.503154218,0,0,0,0,0,0,26,3,1,0.04100614,0,-1,FALSE,1,0.074324822,0,26
"https://map.naver.com/p/entry/place/1470889138?c=13.00,0,0,0,dh",화양연화,요리주점,미공개,636,누구게16,16,마라전골 꿔바로우세트에 크림새우까지 진짜 맛있어요!  크림새우는 너무 맛있어서 먹느라 사진을 못 찍었어요 가성비도 좋고 인테리어가 느낌있네요 홍콩감성으로 즐길 수 있습니다,,0.507564962,1,1,0.05,0.05,1,1,95,3,16,0,0,-1,FALSE,0,0.092096041,1,95
"https://map.naver.com/p/entry/place/16455356?c=15.00,0,0,0,dh",꼬꼬얼큰이닭발 인하점,닭발,4.58,250,세계여행가자,1,"사람
많은거
처음 보는데, 주문 몇번이나 맞는지
확인하더니 내 뒤로 온 사람 먼저주고 내껀 이제 만든다네 에효
기본 반찬도 안주고 달라해야주고
바쁠땐
가지 마세오",,0.459667385,2,0,0.083333333,0,1,0,90,3,1,0.028257576,0,-1,FALSE,0,0.098791061,1,90
"https://map.naver.com/p/entry/place/1196972257?c=15.00,0,0,0,dh",청년밥상빨라우 인하대점,"찌개,전골",미공개,23,정이0614,49,요즘 세상에 3천원에 김치찌개를 먹을 수 있는 곳이 있다니ㅠㅠㅠ가성비 대박이에요 그렇다고 절대 맛이 떨어지지도 않아요!!! 감칠맛 가득하고 너무 맛있게 잘 먹었습니다???????? 자주 올게요 대박나세요!!!,,0.512220085,0,1,0,0.041666667,0,1,116,3,49,1,0,0,FALSE,0,0.103418042,1,116
"https://map.naver.com/p/entry/place/1426778024?c=15.00,0,0,0,dh",아재불닭발 인하대점,닭발,미공개,354,pup****,15,"닭발도 너무 맛있고 다른 구성들도 너무 좋아요!
배달로 먹었다가 매장은 처음 이용해보는데 닭발 먹고 싶을 때 여기로 올 것 같네요!!
주먹밥 양도 대박 많아요~",2025-05-16,0.503904462,1,0,0.041666667,0,1,0,89,3,15,0,0,-1,FALSE,0,0.120441242,1,89
"https://map.naver.com/p/entry/place/1715722424?c=15.00,0,0,0,dh",인하 주먹고기,돼지고기구이,미공개,429,zuci,24,주먹고기에서 제주도 흑돼지맛이 나는 듯한 느낌... 가성비 굿 고기가 넘나 맛나요 인하대역 고깃집들 중에 탑티어맛이에요.. 굳 굳굳 재방문 의사 100프로에여,,0.504099131,0,2,0,0.1,0,1,88,3,24,0.015625,0,-1,FALSE,0,0.076823495,0,88
"https://map.naver.com/p/entry/place/87238504?c=15.00,0,0,0,dh",계속 쪼르면,종합분식,미공개,938,해피해용,758,"현재 할인 행사중
쫄면5000원ㅡ양념맛이 진함 새콤함이 강함
맛있음 야채신선
떡볶이 2000원- 맛있음 어묵도 들었으며 떡도 국물도 괜춘",,0.517396927,0,0,0,0,0,0,76,3,758,0.002079364,0,-1,FALSE,1,0.130086119,1,76
"https://map.naver.com/p/entry/place/37658191?c=13.00,0,0,0,dh",국제식당 인하대본점,이자카야,4.66,445,kwy****,19,군인 친구와 2번째 방문했는데 여자친구와 또 방문하고 싶은 집입니다. 기본 안주도 닭껍질튀김이라 메뉴 나오기 전에 간단히 한 잔 하기에 좋았어요,2025-05-30,0.513981998,1,1,0.05,0.05,1,1,80,3,19,0.023699631,0,-1,FALSE,0,0.094117278,1,80
"https://map.naver.com/p/entry/place/1770290012?c=15.00,0,0,0,dh",커리야,인도음식,4.62,907,짱담이,45,"학교 다닐때부터 최애 맛집이었는데
여전히 맛있어요💗",2025-03-14,0.502621591,0,0,0,0,0,0,28,3,45,0,0,-1,FALSE,0,0.073051334,0,28
"https://map.naver.com/p/entry/place/1392141383?c=19.19,0,0,0,dh",효자동솥뚜껑 인하대점,돼지고기구이,미공개,608,kim****,12,"5월22일 방문 맛있게 먹어서 재방문했어요
입장부터 심각한 연기가 심했어요
고기는 너무 느끼하고 기름이 심각하네요
해장라면은... 한입먹고 ㅌㅌ 차라리 그냥 라면파시는게좋을꺼같아요
짜계치도 한입먹고 ㅌㅌ 짜계치 맛이 안나요 짜계치인데 왜 달죠??? 짜장에 단맛도아닙니다.
음.. 두번은왔지만 이제안갈듯요..",2025-07-15,0.202291548,0,3,0,0.088235294,0,1,171,3,12,0.028914238,0,-1,FALSE,0,0.145875693,1,171
"https://map.naver.com/p/entry/place/1424888459?c=13.00,0,0,0,dh",양궈푸마라탕 인하대점,마라탕,미공개,330,정민섭15,1,음식이 빨리나오고 냄새가 너무 좋아요! 맛있어요!,2025-02-15,0.503590226,0,1,0,0.166666667,0,1,27,3,1,0,1,0,FALSE,1,0.096081975,1,27
"https://map.naver.com/p/entry/place/1294587914?c=13.00,0,0,0,dh",레오펍 인하대점,피자,4.68,564,won****,11,양이 정말 많아서 가성비가 좋네요!!,2025-07-06,0.503640711,0,0,0,0,0,0,20,3,26,0.046263718,0,-1,FALSE,1,0.071070392,0,20
"https://map.naver.com/p/entry/place/1479468560?c=15.00,0,0,0,dh",한창희천하일면 인하대점,국수,미공개,395,eun****,37,오랜만에 생각나서 왔는데 후회 없는 선택입니다 얼큰 아부라소바는 처음 먹어보는데 진짜 맛있네요 고기도 푸짐하고 면이 진짜 탱글탱글 최고예요,2025-09-13,0.504288912,0,0,0,0,0,0,77,3,47,0.026651825,0,-1,FALSE,0,0.143425275,1,77
"https://map.naver.com/p/entry/place/1470889138?c=13.00,0,0,0,dh",화양연화,요리주점,미공개,636,LAYHER,19,맛있는 음식들과 함께 좋은시간 보냈습니다! 번창하시길 바랄게요 ~~!,,0.511390388,0,1,0,0.125,0,1,38,3,19,0,0,-1,FALSE,1,0.139270983,1,38
"https://map.naver.com/p/entry/place/1772330524?c=13.00,0,0,0,dh",롤링파스타 인하대점,"스파게티,파스타전문",미공개,252,mee****,393,음식점이지만 집에서 만든 것 같고 맛있어요~~,,0.506415665,0,1,0,0.166666667,0,1,25,3,393,0,0,-1,FALSE,0,0.126619785,1,25
"https://map.naver.com/p/entry/place/1470889138?c=13.00,0,0,0,dh",화양연화,요리주점,미공개,636,giy****,120,맛있어요!! 졸업식 끝나고 맛있게 즐기고 가용,,0.503516436,0,0,0,0,0,0,25,3,120,0.01,0,-1,FALSE,1,0.091732523,1,25
"https://map.naver.com/p/entry/place/20753378?c=15.00,0,0,0,dh",지지고 인천 인하대점,"도시락,컵밥",4.51,508,순댕이69,809,친구랑 같이 먹느라 고 사진을 못 찍었네요,,0.18668133,0,0,0,0,0,0,23,3,809,0.008255894,0,-1,FALSE,1,0.089938761,1,23
"https://map.naver.com/p/entry/place/1772330524?c=13.00,0,0,0,dh",롤링파스타 인하대점,"스파게티,파스타전문",미공개,252,여어어어어어엉,685,가성비 파스타 맛집! 양이 진짜 많음...😅 매장 엄청 넓고 쾌적해용,,0.504710674,0,0,0,0,0,0,38,3,685,0.017491081,0,-1,FALSE,1,0.139677927,1,38
"https://map.naver.com/p/entry/place/37658191?c=13.00,0,0,0,dh",국제식당 인하대본점,이자카야,4.66,445,see****,31,안주가 맛있어서 술 맛집입니다 분위기 좋아요,2025-03-15,0.50337857,0,0,0,0,0,0,24,3,31,0.009914473,1,-1,FALSE,1,0.087757614,1,24
"https://map.naver.com/p/entry/place/1294587914?c=13.00,0,0,0,dh",레오펍 인하대점,피자,4.68,564,00감자도리00,66,학교다닐때 자주 먹던 곳이라 생각나서 오랜만에 방문했어요! 여전히 크기가 엄청 크네요ㅎㅎㅎ 잘먹겠습니당~!!,2025-01-16,0.518552482,0,0,0,0,0,0,60,3,66,0,1,-1,FALSE,0,0.094753608,1,60
"https://map.naver.com/p/entry/place/1406506965?c=15.00,0,0,0,dh",하노이별 인하대점,베트남음식,미공개,430,영희472,46,인하대 쌀국수 맛집 이애욤ㅎ 쌀국수 팟타이 다 맛나욘!! 강추,,0.504469037,0,1,0,0.111111111,0,1,34,3,46,0,0,-1,FALSE,1,0.109420434,1,34
"https://map.naver.com/p/entry/place/37944089?c=15.00,0,0,0,dh",금산양꼬치 본점,양꼬치,4.63,346,넘버원1935,5,"꼬치류는2인분부터 주문하라는것은 인정하지만 먼저 요리를 시켜서 배가 부른상태에서도 꼬치류를 2인분부터 시키는것은 오류가 있다 울며 겨자먹기로 2인분시켰지만 결국 다 먹지도 못하고 아까워서 포장해왔다 집에와서 구워먹으니 쓰레기맛이네
영업좀 융통성있게 합시다",2025-06-06,0.634868741,2,0,0.071428571,0,1,0,142,3,5,0,0,-1,FALSE,0,0.12738675,1,142
"https://map.naver.com/p/entry/place/1963692965?c=15.00,0,0,0,dh",정인곱창 인하본점,"곱창,막창,양",4.77,418,까칠한 둥둥또둥맘,1,지연언니와 함께... 맛나는 막창먹기^^,2025-10-23,0.511485636,0,1,0,0.25,0,1,22,3,1,0.035714286,0,-1,FALSE,1,0.085528965,0,22
"https://map.naver.com/p/entry/place/1102006774?c=13.00,0,0,0,dh",샐러리아 인하대점,"다이어트,샐러드",미공개,634,나은1225,2,매장 깨끗하고 자리도 많아요!! 사장님도 엄청 친절하세용,,0.50418812,1,0,0.142857143,0,1,0,31,3,2,0,0,-1,FALSE,1,0.077080166,0,31
"https://map.naver.com/p/entry/place/1590101380?c=13.00,0,0,0,dh",타슈켄트,터키음식,미공개,23,xx1****,16,"우연히 들린 타슈켄트!🫶
매장넓고 사장님 정말 친절하심👍🏽
맛도있고 특별한 메뉴가 많은집이였어요😍",,0.504201889,2,1,0.181818182,0.090909091,1,1,54,3,59,0.333333333,0,-1,FALSE,0,0.133057091,1,54
"https://map.naver.com/p/entry/place/37762180?c=15.00,0,0,0,dh",미로곱창볶음집 인하대점,"곱창,막창,양",4.48,556,shin10409,42,사장님 넘친절 맛 존맛 강추!! 리뷰 계란찜 감사해요,,0.503370881,0,0,0,0,0,0,29,3,42,0,0,-1,FALSE,1,0.07321794,0,29
"https://map.naver.com/p/entry/place/1678525038?c=13.00,0,0,0,dh",삼청당 인하대점,분식,미공개,620,시은13,61,"너무너무너무너무 맛있어요><
제가 먹어본 김밥중에서 최고로 맛있어욥
양도 많고 한끼에 이정도면 엄청 든든하게 먹었어오",,0.503352821,0,0,0,0,0,0,65,3,61,0,0,-1,FALSE,0,0.089250145,1,65
"https://map.naver.com/p/entry/place/1409029896?c=13.00,0,0,0,dh",이치라멘&돈가츠,음식점,미공개,155,Beverley,650,국밥 같은 배부르고 든든함을 주는 미소라멘,,0.510356367,0,0,0,0,0,0,23,3,650,0.007204625,0,-1,FALSE,1,0.098213322,1,23
"https://map.naver.com/p/entry/place/32423781?c=15.00,0,0,0,dh",불판위에서춤추는갈매기,한식,미공개,250,송과,595,양 많고 맛있어요 다만 기본 반찬은 조금 아쉬운 것 같아요! 마늘이나 쌈 종류 있으면 좋을 것 같아요,,0.943197191,1,0,0.058823529,0,1,0,56,3,595,0.024458061,0,-1,FALSE,0,0.109143641,1,56
"https://map.naver.com/p/entry/place/1691680844?c=13.00,0,0,0,dh",육쌈냉면 인하대점,냉면,미공개,942,Qkrkd12,6,역시 육쌈 너무 좋아요🥰 문신있는 직원분 너무착하시고 다른사람들께도 너무 잘하시고 육쌈 직원블들 다 너무 착하시고 너무 좋아요 강력 추천합니다😍 육쌈 너무 맛있어요 추천 강력👍👍,,0.502143323,1,0,0.041666667,0,1,0,99,3,6,0.083108641,0,-1,FALSE,0,0.089615184,1,99
"https://map.naver.com/p/entry/place/1102006774?c=13.00,0,0,0,dh",샐러리아 인하대점,"다이어트,샐러드",미공개,634,이다빈3221,17,사장님이 친절하세요! 양 적을 줄 알았는데 생각보다 많고 알차요. 재방문 의사 있습니다,,0.524367809,1,0,0.083333333,0,1,0,48,3,17,0.032233932,0,-1,FALSE,0,0.110788996,1,48
"https://map.naver.com/p/entry/place/36271040?c=15.00,0,0,0,dh",이모떡즉석떡볶이,떡볶이,4.64,464,만족하면노래하는푸린,1,저의 네번째 또간집! 언제나 늘 친절히 대해주셔서 감사해요 이모님>< 즉떡 존맛탱!,,0.504610479,0,0,0,0,0,0,46,3,1,0,0,-1,FALSE,0,0.098739066,1,46
"https://map.naver.com/p/entry/place/1866654241?c=15.00,0,0,0,dh",멘야토리 라멘,일본식라면,미공개,150,Lgho,43,인하대 후문 라멘 중에 정말 손에 꼽아요~ 소유라멘 국물이 진짜 맛있고 깊어 :),2025-09-16,0.507350028,0,0,0,0,0,0,45,3,43,0.023526012,1,-1,FALSE,0,0.091984437,1,45
"https://map.naver.com/p/entry/place/38360536?c=13.00,0,0,0,dh",참새식당,한식,미공개,50,지상의고요,314,"맛난 식사 잘먹었습니다~~
반찬도 깔끔하고 정갈해요~~~",,0.502550125,1,0,0.166666667,0,1,0,31,3,314,0.019090909,0,-1,FALSE,1,0.073965584,0,31
"https://map.naver.com/p/entry/place/1255008599?c=13.00,0,0,0,dh",오구피자 주안용남시장점,피자,미공개,40,tae****,9,이사오고 자주 오는데 치즈도 많이 넣어주시고 친절하세요!! 또 올 거 같아요,2025-01-15,0.507589042,1,0,0.090909091,0,1,0,42,3,45,0.012281025,0,-1,FALSE,0,0.086234153,0,42
"https://map.naver.com/p/entry/place/1536964052?c=13.00,0,0,0,dh",한상,한식,미공개,347,신진교658,1,양도 많고 맛도 맛있어서 잘 먹었어요!!,2025-03-27,0.504492521,0,0,0,0,0,0,22,3,1,0,0,-1,FALSE,1,0.091328336,1,22
"https://map.naver.com/p/entry/place/32423781?c=15.00,0,0,0,dh",불판위에서춤추는갈매기,한식,미공개,250,임달링,25,갈항이 먹었는데 너무 맛있어요 ㅎㅎ가격도 저렴하고 재방문할거같아요!!,,0.50336349,0,0,0,0,0,0,38,3,25,0,0,-1,FALSE,0,0.126756887,1,38
"https://map.naver.com/p/entry/place/1108410654?c=13.00,0,0,0,dh",온뚝,한식,미공개,181,김이소23,7,처음와봤는데 가게도 쾌적하고 분위기도 편안하네요 인하대 맛집입니당,2025-09-18,0.503461659,0,0,0,0,0,0,36,3,7,0.066666667,1,-1,FALSE,1,0.144588873,1,36
"https://map.naver.com/p/entry/place/1678525038?c=13.00,0,0,0,dh",삼청당 인하대점,분식,미공개,620,cuii,196,키토김밥! 찾다가 몇번 포장하고 처음 방문해서 먹어요! 매장 청결하고 음식도 깔끔하니 맛있습니다!,,0.502911091,0,1,0,0.083333333,0,1,54,3,196,0,0,-1,FALSE,0,0.14439889,1,54
"https://map.naver.com/p/entry/place/37762180?c=15.00,0,0,0,dh",미로곱창볶음집 인하대점,"곱창,막창,양",4.48,556,오늘도 알콩달콩,403,소금구이막창 질기지않고 부드러워서 좋았어요. 구워져서 나오니 먹기도 편하고 잡냄새도 없고 너무 맛있게 먹었습니다~,,0.505245268,0,0,0,0,0,0,63,3,403,0.017509396,0,0,FALSE,0,0.076842679,0,63
"https://map.naver.com/p/entry/place/1543018546?c=15.00,0,0,0,dh",산츠키,이자카야,미공개,61,ANGELA4,2,"가격도 너무 착하고
무엇보다 맛있어요!
가게 인테리어도 예뻐서 또 오고 싶어요.
안주들이 사케랑 하이볼이랑 너무 잘 어울려요",,0.503346622,0,0,0,0,0,0,69,3,2,1,0,-1,FALSE,1,0.096827667,1,69
"https://map.naver.com/p/entry/place/19396011?c=13.00,0,0,0,dh",아미고,피자,미공개,191,링링907,109,비 안와서 치킨 먹었는데 기본 안주로 오리고기도 나오고 가성비쫀맛집이였습니다~🥰🥰,,0.502954602,1,0,0.111111111,0,1,0,45,3,109,0,0,-1,FALSE,1,0.117610784,1,45
"https://map.naver.com/p/entry/place/1418606976?c=15.00,0,0,0,dh",순목,요리주점,미공개,52,ciiii,38,분위기도 넘 좋고 친구들끼리 소소하게 수다 떨기 좋아요ㅎㅎ 인후에 이런 곳이 생기다니 넘 맘에 듭니다!🥹,,0.503684402,0,0,0,0,0,0,58,3,38,0,0,-1,FALSE,1,0.082828831,0,58
"https://map.naver.com/p/entry/place/1574688174?c=15.00,0,0,0,dh",솥고기67번길,돼지고기구이,미공개,557,윤다뉴,56,"고기엄청맛있고 가격도 딱 좋아요~
고기먹고싶을때 오면 딱일듯
2층도 열려있어서 시원한 바람 맞으면서 먹으니까 야장같고 좋네요😃😃",2025-09-25,0.506014585,0,0,0,0,0,0,71,3,56,0.014492754,0,-1,FALSE,0,0.083715073,0,71
"https://map.naver.com/p/entry/place/1032865736?c=13.00,0,0,0,dh",국민정서 인하대후문점,요리주점,미공개,409,gar****,10,두루치기 시켰는데 김치찜 느낌도 나서 너무 맛있었습니다 인하대 오면 또 들릴려구요!!,,0.526191235,0,1,0,0.090909091,0,1,47,3,5,0,0,-1,FALSE,0,0.144179716,1,47
"https://map.naver.com/p/entry/place/1878533608?c=13.00,0,0,0,dh",빙그레정육식당 인하대본점,"육류,고기요리",미공개,651,Pibinping,22,고기 진짜 맛있어요!!! 가성비 good,,0.503252387,0,0,0,0,0,0,22,3,22,0,0,-1,FALSE,1,0.074949683,0,22
"https://map.naver.com/p/entry/place/31371994?c=15.00,0,0,0,dh",콩불 인하대점,"육류,고기요리",미공개,283,foxk2,413,여직원분 별로 친절하지 않습니다. ㅠ.ㅠ,,0.203834459,1,0,0.2,0,1,0,22,3,413,0,0,-1,FALSE,0,0.071125666,0,22
"https://map.naver.com/p/entry/place/1392141383?c=19.19,0,0,0,dh",효자동솥뚜껑 인하대점,돼지고기구이,미공개,608,정환희7223,32,"너무너무 맛있어용♡♡♡♡
맨날맨날 먹는중이에요!! 값도싸용♡♡",2025-09-08,0.509068429,0,0,0,0,0,0,34,3,32,0,0,-1,FALSE,0,0.109409671,1,34
"https://map.naver.com/p/entry/place/1102006774?c=13.00,0,0,0,dh",샐러리아 인하대점,"다이어트,샐러드",미공개,634,gyu1024,27,처음 와봤는데 사장님도 친절하고 샌드위치도 맛있을 것 같아서 기대돼요 !! :) ♥,2025-02-24,0.50385946,1,0,0.083333333,0,1,0,46,3,27,0.020833333,0,-1,FALSE,1,0.078125748,0,46
"https://map.naver.com/p/entry/place/1344154314?c=15.00,0,0,0,dh",레커훈스 인하대점,"치킨,닭강정",미공개,199,보00,28,포장주문했는데 엄청 빨리나오고 맛있었습니다:),,0.503828228,1,0,0.25,0,1,0,25,3,28,0,0,-1,FALSE,1,0.070326973,0,25
"https://map.naver.com/p/entry/place/1772330524?c=13.00,0,0,0,dh",롤링파스타 인하대점,"스파게티,파스타전문",미공개,252,dpf****,238,매장 널찍하고 쾌적해요~~~! 롤링파스타 맛 말해뭐해~~~ 가성비 좋게 만족스런 식사 즐기고 왔어요😋,,0.503636301,0,0,0,0,0,0,56,3,1,0.00548048,0,-1,FALSE,1,0.127806882,1,56
"https://map.naver.com/p/entry/place/31371994?c=15.00,0,0,0,dh",콩불 인하대점,"육류,고기요리",미공개,283,llo****,9,"우연히 불친절하다는 리뷰를 보고 속상해서 리뷰 답니다!! 여기 이모님은 불친절하신게 아니고 살짝 무뚝뚝하신겁니다!!!먹는 내내 신경써주시면서 볶음밥도 다 해주시고 다 볶아주셔서 편하게 잘 해주시는데 ㅠㅠ 물론 사람마다 느끼는건 다르겠지만요
음식은 옛날 학생때 부터 먹던 그대로라 가끔 생각날때마다 가서 먹는데 한결같아서 넘 좋아요 기분좋게 배부르게 먹고나왔습니다!
감사합니다!",,0.520976603,2,1,0.044444444,0.022222222,1,1,210,3,9,0,0,-1,FALSE,0,0.092559707,1,210
"https://map.naver.com/p/entry/place/1393528546?c=15.00,0,0,0,dh",무한리필삼겹의난,돼지고기구이,미공개,312,Harry4,3,"맛은 있는데, 여종업원 진짜 불친절하네요. 무한리필 집에서 내가 고기 시켜 먹겠다는데 우리들더러 ""못 먹을 거 같으신데, 그만 드세요""라는 띠꺼운 뉘앙스로 계속 말하시더라구요. 아니 ㅋㅋㅋ 우리가 우리 돈 내고 먹고 싶은 거 먹겠다는데, 우리가 왜 종업원 눈치를 봐야되죠? 손님들이 고기많이 시켜 먹는다고 뭐라고 할거면 애초에 무한리필 집을 하면 안 되는거 아닌가요? 그리고 뭐 좀 주문하려고 하면 들은 체라도 좀 할 것이지.. 계속 들어도 못 들은체 하던데요..? 제가 웬만하면 별점이나 리뷰 안 남기는데, 여기 종업원이 워낙 레전드여서 글 쓰고 갑니다. 여기 가실 분들 참고해서 가세요. 다른 사람이 쓴 리뷰 봐도 계속 그런 태도로 일 하시는 것 같던데, 그런 태도로 일 하실거면 서비스업에서 일 하지 말아주세요",,0.316961616,6,0,0.058252427,0,1,0,400,3,3,0,0,-1,FALSE,0,0.117262303,1,400
"https://map.naver.com/p/entry/place/1392141383?c=19.19,0,0,0,dh",효자동솥뚜껑 인하대점,돼지고기구이,미공개,608,마야력선생님,553,추억 많은 인하대후문에서 소문이 난 고기집 있다고 해서 아가씨랑 같이 왔는데 고기 너무 맛있어요! 6식구가 맛있게 잘 먹고 갑니다😊 번창하세요!!!,2025-05-31,0.50379318,0,0,0,0,0,0,82,3,553,0,0,-1,FALSE,1,0.097874115,1,82
"https://map.naver.com/p/entry/place/37762180?c=15.00,0,0,0,dh",미로곱창볶음집 인하대점,"곱창,막창,양",4.48,556,성엽19,25,오랜만에 막창먹는데 존맛이에요 ㅎㅎㅎㅎ,,0.505877495,0,0,0,0,0,0,21,3,25,0,0,-1,FALSE,1,0.072099147,0,21
"https://map.naver.com/p/entry/place/1963692965?c=15.00,0,0,0,dh",정인곱창 인하본점,"곱창,막창,양",4.77,418,다히3728,94,곱도리탕은 여기서만 시켜먹어요ㅜㅠㅠㅠ💓,,0.590452731,0,0,0,0,0,0,21,3,94,0,0,-1,FALSE,0,0.074365194,0,21
"https://map.naver.com/p/entry/place/1767613585?c=15.00,0,0,0,dh",뼈앓이감자탕 용현점,감자탕,미공개,242,보보42,32,양이 진짜 많고 맛있어요!! 얼큰해서 속이 싹 풀렸습니다‼️ 동네에 맛집 생겨서 너무 좋아요 잘 먹구 갑니당!!,2025-10-09,0.503508687,0,0,0,0,0,0,62,3,32,0,0,-1,FALSE,1,0.099482851,1,62
"https://map.naver.com/p/entry/place/1673075723?c=13.00,0,0,0,dh",헤드라이너,바(BAR),미공개,285,누렁이당,7,분위기 좋고 인하대 오셨다면 꼭와야할 술집인것같아요 ㅎㅎ,,0.573504269,0,1,0,0.142857143,0,1,31,3,7,0,0,-1,FALSE,1,0.119032536,1,31
"https://map.naver.com/p/entry/place/1434154594?c=13.00,0,0,0,dh",인하로 인하대점,한식,미공개,38,영신엄,6,"동아리 단체 회식을 위해서 당일 예약 후 방문했는데요, 음식들이 너무 맛있고 메뉴도 다양해서 .. 정말 이렇게 먹부림하면서 회식한 건 오랜만인 것 같아요 🤗🤗 사장님께서 너무 친절하셨고 또 서비스로 수박 ✨ 주셔서 너무 행복하게 회식 마무리했던 것 같아요! 다음에도 꼭 방문할 예정입니다!",2025-05-26,0.505476832,2,2,0.048780488,0.048780488,1,1,161,3,6,0,0,-1,FALSE,0,0.091788326,1,161
"https://map.naver.com/p/entry/place/19396011?c=13.00,0,0,0,dh",아미고,피자,미공개,191,뚜밥63,1,매장이 굉장히 넓고 쾌적해서 단체모임 하기 너무 좋고 사장님과 직원분들이 정말 친절하셔서 너무 기분이 좋았어요~ 화덕 피자 맛은 정말 일품입니다!! 맛있게 잘 먹었습니다~,,0.503920674,2,1,0.086956522,0.043478261,1,1,95,3,1,0,0,-1,FALSE,1,0.102984585,1,95
"https://map.naver.com/p/entry/place/1042128520?c=13.00,0,0,0,dh",오이아샌드위치 인하대,샌드위치,미공개,179,아이2610,55,"수요일만 먹을 수 있는 샐러드... 학창시절 수요일 특식 기다리는 마음으로 수요일만 기다려요 샐러드에 12500원 좀 비싼 거 같아도 먹어보면 제값 이상이라는 감동이 휘몰아칩니다 제가 포케를 좋아하는데 포케는 먹으면 배가 금방 꺼져서 아쉽거든요? 오이아를 겪어보니 포케가 풀떼기라 그런 게 아니라 양이 적었던 것 같습니다 오이아샐러드나 샌드위치는 밀도 있게 속을 채워주셔서 그런지 지속력이 좋아요
사장님 너무 바빠지시면 병나실까봐 리뷰 안 남기려고 했는데 먹을 때마다 감동이라서 하나 남깁니다 ㅎㅎ 항상 학생들 챙겨주시는 맘 감사하고 이렇게 맛있고 기발한 영양만점 샐러드 팔아주셔서 감사합니다
그리고 아메리카노도 맛있지만 라떼 좋아하시는 분들 제발 오이아 라떼 드셔보세요 진짜 맛있습니다!!",2025-06-25,0.536336124,0,1,0,0.011111111,0,1,388,3,55,0.023363819,1,-1,FALSE,0,0.091947356,1,388
"https://map.naver.com/p/entry/place/1004153329?c=13.00,0,0,0,dh",더문칵테일,바(BAR),미공개,65,행복하세욤b,451,"인하대 후문에 있는 조용한 칵테일바!
커스텀 칵테일이 있어서 사장님께 취향 말아면 알아서 맛있게 만들어 주셨어용!
가게 분위기 인테리어 전부 힙하고 아늑하고 예뻐서 다음에는 친구랑 또 와야겠어요!
위스키도 칵테일도 종류가 다양해서 골라 먹는 재미가 있었습니다!",2025-07-17,0.507231534,0,0,0,0,0,0,146,3,451,0,0,-1,FALSE,0,0.109845841,1,146
"https://map.naver.com/p/entry/place/1328025347?c=13.00,0,0,0,dh",스며듦 튀김수육,요리주점,미공개,50,Huhaha2,21,"튀김수육 진짜 맛있어요👍👍
자꾸 생각나는 맛이에요😂
기본으로 나오는 순두부도 장난아니에요~~~!!",,0.514429092,0,0,0,0,0,0,54,3,21,0,0,-1,FALSE,1,0.094397944,1,54
"https://map.naver.com/p/entry/place/1517096100?c=13.00,0,0,0,dh",오썸,"맥주,호프",미공개,13,박하ss,1,"피자s 파인애플 세트. 15000원
간단히 먹기 좋네요.
생맥주는 좀더 시원했으면 좋겠어요",,0.832875967,0,0,0,0,0,0,50,3,1,0.014833075,0,-1,FALSE,0,0.100203388,1,50
"https://map.naver.com/p/entry/place/31371994?c=15.00,0,0,0,dh",콩불 인하대점,"육류,고기요리",미공개,283,kay****,18,"
안좋은 리뷰 처음 남겨보고 오늘 참다못해 영수증 받고 후기남겨요 주변에 콩불이 없어서 다여섯번 갔는데 항상 홀에 계신 여자분 서비스 별로였어요 중간에 머리카락도 나오고 치즈엔 먼지 있었어요 머리카락은 CCTV보시면 아실 거예요 말씀 안드렸고 참고 먹자 했는데 들어올 때나 나갈 때나 항상 같으시네여 ㅎㅎ
",,0.33703354,0,0,0,0,0,0,171,3,18,0,0,-1,FALSE,0,0.079381809,0,171
"https://map.naver.com/p/entry/place/1673075723?c=13.00,0,0,0,dh",헤드라이너,바(BAR),미공개,285,gnschae,3,분위기가 넘 좋아요! 잘먹었습니다!!,,0.503784239,0,0,0,0,0,0,20,3,3,0,0,-1,FALSE,1,0.087375362,1,20
"https://map.naver.com/p/entry/place/33093374?c=13.00,0,0,0,dh",바리바리,한정식,미공개,51,Attempt7,3,"먹느라 급해서 사진은 못 찍었습니다.
밥,반찬,국,제육볶음까지 하나도 빠짐없이 정말 맛있게 먹었습니다.
인하대 최고 밥집!",2025-10-31,0.515009165,1,0,0.071428571,0,1,0,68,3,3,0,0,-1,FALSE,1,0.109523755,1,68
"https://map.naver.com/p/entry/place/1479468560?c=15.00,0,0,0,dh",한창희천하일면 인하대점,국수,미공개,395,ssl****,13,정말 맛있어요 저번에 줄서 있어서 못 먹었는데 이유가 있네요,2025-06-03,0.545719862,0,0,0,0,0,0,33,3,30,0,1,-1,FALSE,0,0.134996717,1,33
"https://map.naver.com/p/entry/place/1767613585?c=15.00,0,0,0,dh",뼈앓이감자탕 용현점,감자탕,미공개,242,조랭이떡75,9,매장도 깔끔하고 직원분들도 친절하고 아주 맛있어요!!,2025-10-24,0.502101183,2,0,0.333333333,0,1,0,29,3,9,0.06984127,0,-1,FALSE,1,0.073410149,0,29
"https://map.naver.com/p/entry/place/87238504?c=15.00,0,0,0,dh",계속 쪼르면,종합분식,미공개,938,졸릴땐,385,"돈까스 소스 특이함
맛있게 먹었습니다",,0.504886985,0,0,0,0,0,0,20,3,385,0,0,-1,FALSE,0,0.073204301,0,20
"https://map.naver.com/p/entry/place/1912001285?c=15.00,0,0,0,dh",청담족발,"족발,보쌈",미공개,486,이다빈3221,17,고기가 엄청 부드러워서 맛있어요. 양념 없는 족발 먹고싶을 땐 항상 여기 와요!,2025-07-05,0.553633749,1,0,0.083333333,0,1,0,44,3,17,0.032233932,0,-1,FALSE,0,0.093587846,1,44
"https://map.naver.com/p/entry/place/1424888459?c=13.00,0,0,0,dh",양궈푸마라탕 인하대점,마라탕,미공개,330,뭐든해지니,31,저 또왔어여... 매주 생각나는 맛이에요 또올게요~!,2025-10-14,0.507842302,0,0,0,0,0,0,29,3,31,0.039080346,0,-1,FALSE,0,0.074635132,0,29
"https://map.naver.com/p/entry/place/1307296974?c=13.00,0,0,0,dh",마포생갈비 용현점,"육류,고기요리",4.63,216,백찌64,76,고기 너무 맛있게 잘먹었어요 생고기라서 그런지 부드럽고 맛있고~  고기 질도 너무 좋아요 동네 맛집 찾아서 너무 좋네요 다음에 또 방문하겠습니다^^,,0.503171563,0,0,0,0,0,0,82,3,76,0,0,-1,FALSE,0,0.125757368,1,82
"https://map.naver.com/p/entry/place/1673075723?c=13.00,0,0,0,dh",헤드라이너,바(BAR),미공개,285,Letsgroove,18,나 28인데 내 동년배들 다 헤드라이너 간다 ❤️‍🔥,,0.511729777,0,0,0,0,0,0,29,3,18,0.011309524,0,-1,FALSE,0,0.076090737,0,29
"https://map.naver.com/p/entry/place/1479468560?c=15.00,0,0,0,dh",한창희천하일면 인하대점,국수,미공개,395,룰루제로,297,얼큰고기국수 먹었습니다. 자칫.느끼할 수.있는 고기육수를 마늘이 잡아줍니다. 생각보다 담백해요! 여기 양이 진짜 대혜자입니다. 중 시켰는데요.. 먹어도 먹어도 줄지를 않아요.. 양이 어마어마합니다. 저 꽤 많이 먹는 사람인데 완면 못 했어요. 여자분들 되도록 소 시키세요.,2025-07-17,0.402267754,0,0,0,0,0,0,152,3,297,0.01116051,0,-1,FALSE,0,0.097651869,1,152
"https://map.naver.com/p/entry/place/1004153329?c=13.00,0,0,0,dh",더문칵테일,바(BAR),미공개,65,AbsoPerf525,2,"올 때마다 항상 너무 잘 즐기다가, 좋은 분들과 발베니 25년을 특별히 마시게 되었네요. 감탄사만 한창 하며 정말 깊고 좋은 여운을 남기고 갑니다!",,0.506512702,0,0,0,0,0,0,82,3,2,0,0,-1,FALSE,0,0.119101822,1,82
"https://map.naver.com/p/entry/place/1042128520?c=13.00,0,0,0,dh",오이아샌드위치 인하대,샌드위치,미공개,179,yxxdxx,27,"세번째 방문입니다~ 양도 많고 너무 맛있어요
자극적이지 않아서 다이어트할 때 먹어도 좋을거같아요",,0.559666216,0,0,0,0,0,0,53,3,27,0.023007856,0,-1,FALSE,0,0.087926548,1,53
"https://map.naver.com/p/entry/place/1108410654?c=13.00,0,0,0,dh",온뚝,한식,미공개,181,yeo****,15,고기 양도 너무 많고 맛있어요. 밥도 리필 돼서 가성비 좋아요.,2025-09-07,0.502864361,0,0,0,0,0,0,35,3,26,0.021333473,0,-1,FALSE,1,0.100429061,1,35
"https://map.naver.com/p/entry/place/1678525038?c=13.00,0,0,0,dh",삼청당 인하대점,분식,미공개,620,김다윤747,22,맛있어요. 항상 친구랑 둘이 와서 배부르게 먹고가요,,0.506470978,0,0,0,0,0,0,28,3,22,0,0,-1,FALSE,0,0.074407467,0,28
"https://map.naver.com/p/entry/place/1409029896?c=13.00,0,0,0,dh",이치라멘&돈가츠,음식점,미공개,155,소녀감성 1230,1,맛있고 양도 많고 학교앞이라 그런지 밥과 카레도 맘껏 카레 맛을 못보고와서 아쉬웠지만 다음 기회에,,0.742875814,0,0,0,0,0,0,54,3,1,0.01958642,0,-1,FALSE,0,0.103052295,1,54
"https://map.naver.com/p/entry/place/1866654241?c=15.00,0,0,0,dh",멘야토리 라멘,일본식라면,미공개,150,고구마470,302,엄청 진하고 맛있어요! 사장님도 너무 친절하세요,2025-10-13,0.508233666,1,0,0.166666667,0,1,0,26,3,302,0,0,-1,FALSE,1,0.070504815,0,26
"https://map.naver.com/p/entry/place/1037310425?c=13.00,0,0,0,dh",춘리마라탕,마라탕,미공개,416,와쥬,101,너무 맛있어용👍 국물이 진해서 좋아요!,,0.503515065,0,0,0,0,0,0,21,3,101,0.028213078,0,-1,FALSE,1,0.073939738,0,21
"https://map.naver.com/p/entry/place/1403450091?c=18.31,0,0,0,dh",하이볼마또,퓨전음식,미공개,587,lov****,35,시샤모구이가 정말 맛있었어요 사장님도 친절하시고 밖이 탁 트여서 답답하지도 않고 좋았습니다! 다음에 또 올게요!!,,0.508239448,1,0,0.071428571,0,1,0,63,3,35,0.00638838,0,-1,FALSE,0,0.088066826,1,63
"https://map.naver.com/p/entry/place/500779154?c=13.00,0,0,0,dh",감탄떡볶이 인하대점,분식,4.38,400,zxc06260073,42,에어컨을 안 트셔서 매장이 덥다 그래도 맛있음,,0.521997511,0,0,0,0,0,0,25,3,42,0,0,-1,FALSE,0,0.079334535,0,25
"https://map.naver.com/p/entry/place/1715722424?c=15.00,0,0,0,dh",인하 주먹고기,돼지고기구이,미공개,429,see****,7,"고기 질이 좋고 맛있어요!!
셀프코너 있어서 가져다 먹기 편하고
직원분들도 친절하십니다~
고기 잘라주셔서 굽기도 편해요!",2025-08-12,0.504081428,2,0,0.133333333,0,1,0,67,3,31,0.009914473,0,-1,FALSE,0,0.076646247,0,67
"https://map.naver.com/p/entry/place/1479468560?c=15.00,0,0,0,dh",한창희천하일면 인하대점,국수,미공개,395,khj9765,23,마늘 얼큰함이 죽이네요.. 잘먹고 갑니다. 양도 엄청 많아서 엄청 배불러요,2025-02-12,0.526917696,0,0,0,0,0,0,41,3,23,0,0,-1,FALSE,0,0.095311335,1,41
"https://map.naver.com/p/entry/place/21474881?c=13.00,0,0,0,dh",숯불구이먹방,"육류,고기요리",미공개,384,정읍쓰나미,381,이런 고물가 시대에 6000으로 보쌈 정식과 육회비빔밥을 먹을 수 있다니... 진짜 맛도 좋고 혜자예요ㅠㅜㅠㅜ 넘 맛있습니다....,,0.50369966,0,0,0,0,0,0,73,3,381,0.010516929,0,-1,FALSE,0,0.109402984,1,73
"https://map.naver.com/p/entry/place/37658191?c=13.00,0,0,0,dh",국제식당 인하대본점,이자카야,4.66,445,dpf****,238,"일단 가게 분위기부터 너무 좋았어요😋😋 안주도 맛있어서 남편이랑 좋은 시간 보내고 왔어요! 데이트하러 종종 방문할 것 같아요~!
",,0.509025335,0,0,0,0,0,0,72,3,1,0.00548048,0,-1,FALSE,0,0.143650319,1,72
"https://map.naver.com/p/entry/place/36271040?c=15.00,0,0,0,dh",이모떡즉석떡볶이,떡볶이,4.64,464,osu****,17,'포브스 선정 가장 맛이 좋은 떡볶이',,0.508801877,0,0,0,0,0,0,21,3,17,0,0,-1,FALSE,1,0.088780123,1,21
"https://map.naver.com/p/entry/place/1999087809?c=13.00,0,0,0,dh",교반 인하대점,한식,미공개,186,ste****,28,양도 푸짐하고 신선하고 맛있습니다!!!!!!🫶🏻,2025-06-27,0.502641618,0,0,0,0,0,0,26,3,28,0.017013735,0,-1,FALSE,1,0.072920725,0,26
"https://map.naver.com/p/entry/place/1084145020?c=13.00,0,0,0,dh",수라국수,국수,미공개,329,이미요,107,양도 많고 맛있었어요! 사장님도 친절하시고 좋아요,,0.502593517,1,0,0.166666667,0,1,0,27,3,107,0,0,-1,FALSE,1,0.071032813,0,27
"https://map.naver.com/p/entry/place/1715722424?c=15.00,0,0,0,dh",인하 주먹고기,돼지고기구이,미공개,429,송도대 쩝박과 차인턴,185,"안녕하세요 차인턴입니다.
오랜만에 주먹고기 농도떨어져서 수혈 왔네요.
력시 이 곳은 인하대에서 대장먹는 가성비 고기집입니다.
안오면 당신만 바보 -! ㅋㅋ
아 잘먹엇다 꺼억",2025-08-24,0.55871588,0,0,0,0,0,0,100,3,185,0.023255814,0,-1,FALSE,0,0.08908484,1,100
"https://map.naver.com/p/entry/place/1999087809?c=13.00,0,0,0,dh",교반 인하대점,한식,미공개,186,도로여행,139,"새로 오픈했는데 서비스 많이 주시네요ㅎㅎ
사장님이 친절해요. 음식도 맛있고 된찌포함되어있고 공기밥 무료네요ㅎㅎ",2025-05-14,0.503903091,1,1,0.083333333,0.083333333,1,1,61,3,139,0,0,-1,FALSE,1,0.125043785,1,61
"https://map.naver.com/p/entry/place/1424888459?c=13.00,0,0,0,dh",양궈푸마라탕 인하대점,마라탕,미공개,330,구구볼,6,처음 방문했는데 직원분들 친절하고 마라탕도 맛있어요!,2025-06-17,0.503711283,2,0,0.333333333,0,1,0,29,3,6,0.0488607,0,-1,FALSE,1,0.072154821,0,29
"https://map.naver.com/p/entry/place/1878533608?c=13.00,0,0,0,dh",빙그레정육식당 인하대본점,"육류,고기요리",미공개,651,김승수22,22,정말 제 최애맛집이에요!! 늘 맛있게 먹고있습니다!!,2025-07-26,0.503001511,0,0,0,0,0,0,29,3,22,0.111040273,0,-1,FALSE,0,0.092471308,1,29
"https://map.naver.com/p/entry/place/1678525038?c=13.00,0,0,0,dh",삼청당 인하대점,분식,미공개,620,달93,36,힝상 맛있고 저렴하게 잘 먹네요ㅎㅎ 카운터석도 있어서 혼자서 먹기에도 좋아요~😄,2025-03-28,0.503369272,0,0,0,0,0,0,44,3,36,0.053577132,0,-1,FALSE,0,0.134568573,1,44
"https://map.naver.com/p/entry/place/1985104923?c=13.00,0,0,0,dh",운반미,베트남음식,미공개,25,tth****,2,"Quán ăn ngon như ăn ở Quê Hương Việt Nam
반미 넘 맛있어요.",,0.51222682,0,0,0,0,0,0,51,3,2,0.333333333,0,-1,FALSE,0,0.096388708,1,51
"https://map.naver.com/p/entry/place/1912001285?c=15.00,0,0,0,dh",청담족발,"족발,보쌈",미공개,486,이다빈3221,17,족발 먹고싶을 때마다 와요! 맛있어요,2025-08-13,0.50338757,0,0,0,0,0,0,20,3,17,0.032233932,0,-1,FALSE,0,0.078106241,0,20
"https://map.naver.com/p/entry/place/1294155308?c=13.00,0,0,0,dh",진화쿵푸마라탕,중식당,미공개,717,qkr****,464,현장에서 먹으면 2만원 넘으면 꿔바로우도 서비스로 주심 진짜 가성비 미쳤고 10번 이상 온 맛집임. 마라샹궈 전국 탑티어;;,2025-01-14,0.507787466,0,0,0,0,0,0,69,3,159,0.014136354,1,-1,FALSE,0,0.09427238,1,69
"https://map.naver.com/p/entry/place/1878533608?c=13.00,0,0,0,dh",빙그레정육식당 인하대본점,"육류,고기요리",미공개,651,이게전데융,4,직원분들 모두 친절하시고 고기 질 좋고 맛있어요! 담에 또 방문 예정입니다.,2025-09-11,0.503691077,2,0,0.181818182,0,1,0,42,3,4,0,0,-1,FALSE,0,0.07925461,0,42
"https://map.naver.com/p/entry/place/19396011?c=13.00,0,0,0,dh",아미고,피자,미공개,191,주메인,30,"술 한잔하기 좋은 인하대 맛집이에요. 내부는 엄청 넓고 테이블도 많아서 단체 모임도 가능하고, 룸도 있어 조용하게 이용도 가능해요. 화덕으로 구운 피자와 바베큐 강추! 피자는 치즈가 피자 CF 저리갈 정도로 쭉쭉 늘어나고요. 도우는 쫄깃 바삭 ! 바베큐는 모둠으로 시켰는 데 오리가 진짜 맛있어요! 치킨하고 소세지도 맛있는 데 개인적으로는 오리가 최고였어요! 안주 15000원 이상 시키면 오리 추가로 더 받을 수 있어요! 술 마시러 갔는 데 안주가 맛있어서 안주로 배채우고 왔습니다! 1차 장소로도 2차 장소로도 강추드려요!!! ",,0.512678146,1,0,0.01369863,0,1,0,297,3,30,0.022231572,0,-1,FALSE,0,0.082559578,0,297
"https://map.naver.com/p/entry/place/1102006774?c=13.00,0,0,0,dh",샐러리아 인하대점,"다이어트,샐러드",미공개,634,쥬쥬5996,8,"다이어트 중에도 너무 맛있게 먹을 수 있고 다이어트가 아니어도 한끼 식사로 너무 맛있게 먹을 수 있어요!! 진짜 맛있어요ㅠ
특히 수비드 통삼겹 강추입니당..👍💓✨",2025-06-30,0.50368464,0,0,0,0,0,0,90,3,8,0,0,-1,FALSE,0,0.09707306,1,90
"https://map.naver.com/p/entry/place/1034204990?c=15.00,0,0,0,dh",도시톡,바(BAR),미공개,34,달콤매콤 꿀생강차,7,"칵테일이 밍숭맹숭 물탄맛입니다
여러잔 시켰는데 싹다 비슷비슷
본인이 노안이다~ 싶으면 절대 가지마세요
사장이 대뜸 와서 일행이랑 있는데 ××살이냐고 나이 측정당하는 멘트 듣게 될겁니다",2025-04-30,0.268525541,1,0,0.043478261,0,1,0,102,3,7,1,1,0,FALSE,0,0.084470674,0,102
"https://map.naver.com/p/entry/place/1536964052?c=13.00,0,0,0,dh",한상,한식,미공개,347,dkssydg,17,"반찬도 깔끔하고, 양도 엄청많네용~!
원래 육회비빔밥 못먹었는데 ㅎㅎ
한그릇 다먹었네요~~!
다음엔 저녁에도 방문하겠습니당!!
메뉴도 다양하고 맛있어서 자주이용할것같아용!!
잘먹었습니다!!!",2025-03-03,0.505123198,3,1,0.166666667,0.055555556,1,1,106,3,17,0.023809524,0,-1,FALSE,0,0.097945112,1,106
"https://map.naver.com/p/entry/place/1878533608?c=13.00,0,0,0,dh",빙그레정육식당 인하대본점,"육류,고기요리",미공개,651,gof****,22,"고기가 먹고 싶어서 왔는데 너무 맛있어요. 고기 질도 좋아요~
인하대 고기 맛집으로 소문난 이유가 있는 거 같아요!",2025-01-23,0.520566225,0,0,0,0,0,0,64,3,22,0,0,-1,FALSE,0,0.105684452,1,64
"https://map.naver.com/p/entry/place/1406506965?c=15.00,0,0,0,dh",하노이별 인하대점,베트남음식,미공개,430,당근당근010,80,대학교 졸업하고 거의 10년만에 학교에 갔더니 맛집들이 진짜 많이 생겼더라구요!!! 오늘은 날도 흐리고 해서 쌀국수랑 팟타이가 땡겨서 하노이별을 갔는데 인테리어가 완전 현지 맛집처럼 잘 꾸며져 있었어요~ 맛도 그래서 더더 기대했는데 기대이상이더라구요!!^^ 진짜 너무 맛있게 먹었어요~~ 학교 놀로가면 또 먹으려 가려구요!! 둘이 갔는데 양이 부족할까봐 3개 시켰는데 제가 가본 쌀국수 집 중에 양이 젤 많은 거 같아요~~ 완전 강추해요!!!,,0.519748092,0,0,0,0,0,0,247,3,80,0,0,-1,FALSE,0,0.07535956,0,247
"https://map.naver.com/p/entry/place/1779318462?c=13.00,0,0,0,dh",삼삼오오,한식,미공개,299,해피해용,758,"ㅠㅠ메인이 엄청 짜요..
반찬 계란은 차가워요.
친절하셔요.",2025-02-27,0.544501424,1,0,0.142857143,0,1,0,33,3,758,0.002079364,0,-1,FALSE,0,0.090074973,1,33
"https://map.naver.com/p/entry/place/1406506965?c=15.00,0,0,0,dh",하노이별 인하대점,베트남음식,미공개,430,jhk****,24,"항상 오는 맛집이에요
베트남 여행갔을때 베트남 음식에 반해서 정말 로컬에 가까운 음식점을 가고 싶었는데 하노이별이 딱 그런 느낌이에요!
물론 한국인에 입맛에도 완전 잘맞아요
맛있게 잘 먹었습니다.
특히 팟타이는 진짜 최고입니다
다음에 또 올게요!
인하대 맛집이자 베트남음식 맛집이에요",,0.51034534,0,5,0,0.135135135,0,1,158,3,24,0.012884978,0,-1,FALSE,0,0.104844993,1,158
"https://map.naver.com/p/entry/place/20550561?c=15.00,0,0,0,dh",닭살부부,"치킨,닭강정",미공개,327,나는점미,517,"떡강정아랑 목살먹었어요!
둘다 진짜 존맛.....👍👍",,0.504137039,0,0,0,0,0,0,29,3,517,0.010966561,0,-1,FALSE,1,0.09229039,1,29
"https://map.naver.com/p/entry/place/1715722424?c=15.00,0,0,0,dh",인하 주먹고기,돼지고기구이,미공개,429,환희맘1733,13,"맛잇고친절하세요
계속쭉방문예정입니다
맛나요",2025-09-24,0.50416559,1,1,0.333333333,0.333333333,1,1,23,3,13,0,0,-1,FALSE,0,0.081596812,0,23
"https://map.naver.com/p/entry/place/1878533608?c=13.00,0,0,0,dh",빙그레정육식당 인하대본점,"육류,고기요리",미공개,651,이채운79,21,최고입니다!!!! 가성비좋고 맛잇어요,2025-04-26,0.501724958,0,0,0,0,0,0,20,3,21,0,0,-1,FALSE,1,0.07198705,0,20
"https://map.naver.com/p/entry/place/1294155308?c=13.00,0,0,0,dh",진화쿵푸마라탕,중식당,미공개,717,haa****,5,존맛탱! 아이스크림도 공짜라서 넘 좋아여,,0.504332125,0,0,0,0,0,0,22,3,3,0,0,-1,FALSE,1,0.110657839,1,22
"https://map.naver.com/p/entry/place/87238504?c=15.00,0,0,0,dh",계속 쪼르면,종합분식,미공개,938,soo****,55,"방금 먹고 바로 적어요. 튀김류도 맛있는데
갠적으로 새우볶음밥이 넘 맛있ㅇㅓ요
후레이크 뿌려져 있어서 씹는맛이 좋아요 ㅎㅎ 간도 적당하고 딱이에요. 다음에 또 방문하겠습니다 :)",,0.508720815,0,0,0,0,0,0,99,3,374,0.010616252,0,-1,FALSE,0,0.122132315,1,99
"https://map.naver.com/p/entry/place/1102006774?c=13.00,0,0,0,dh",샐러리아 인하대점,"다이어트,샐러드",미공개,634,리을6911,8,"햄치즈샌드위치 [6,800원]
ㄴ 통밀식빵 변경 [+500원]
샌드위치 양도 푸짐하고 혼밥하기에 좋은 것 같아요~ 인하대 후문에 횡단보도 바로 앞이라서 위치도 가깝고 저녁 10시까지 영업하셔서 수업 끝나고 나서 저녁먹으러 가기 좋네요!^^ 응원합니다.",,0.50712198,0,0,0,0,0,0,140,3,8,0,0,-1,FALSE,0,0.087679939,1,140
"https://map.naver.com/p/entry/place/1470889138?c=13.00,0,0,0,dh",화양연화,요리주점,미공개,636,기린거북,10,마라전골+꿔바로우 조합 추천드립니다 가격도 저렴하고 맛있습니다 인하대 후문 앞에서는 최고의 중화요리집입니다!,2025-07-29,0.50302124,0,0,0,0,0,0,60,3,10,0.019607843,0,-1,FALSE,1,0.130895238,1,60
"https://map.naver.com/p/entry/place/1380205483?c=13.00,0,0,0,dh",에그드랍 인하대점,샌드위치,미공개,872,용현동하이에나,109,"알바생들 다 마스크 안끼고 계속 수다떨면서 토스트 만들어요 이시국에 .....
침 엄청 들어갈듯.. 기본도 안돼있음",,0.171263874,0,0,0,0,0,0,64,3,109,0,0,-1,FALSE,0,0.126366375,1,64
"https://map.naver.com/p/entry/place/1878533608?c=13.00,0,0,0,dh",빙그레정육식당 인하대본점,"육류,고기요리",미공개,651,90****,7,"리뷰들이 좋아 부모님모시고 방문했습니다!!
살치살 위주로 먹고 왔습니다!! 고기들이 너무 신선해서 정말 맛있게 먹고 왔습니다!!특히 사장님이 엄청 친절하셔서 기분도 좋았습니다! 거기다 가성비도 끝내주고 양념 갈비살도 굿굿!! 서비스로 주신 육회와 된장찌개도 훌륭했습니다!! 당연히 재방문 의사 있고요 종종 방문할거 같습니다!!ㅎㅎㅎ",,0.503706694,3,0,0.078947368,0,1,0,185,3,7,0,0,-1,FALSE,0,0.080724231,0,185
"https://map.naver.com/p/entry/place/1102006774?c=13.00,0,0,0,dh",샐러리아 인하대점,"다이어트,샐러드",미공개,634,bingsoob,44,"인하대 근처에서 샐러드나 포케 먹고 싶으면 항상 와용
단호박 죤맛",2025-06-16,0.523100913,0,1,0,0.1,0,1,36,3,44,0.021146158,0,-1,FALSE,0,0.088830664,1,36
"https://map.naver.com/p/entry/place/36271040?c=15.00,0,0,0,dh",이모떡즉석떡볶이,떡볶이,4.64,464,핑크눈썹,1,양도많고 너무 맛있게 먹었습니다! 사장님도 너무 친절하시고 최고였어요,,0.503396749,1,0,0.125,0,1,0,38,3,1,0.180555556,0,-1,FALSE,1,0.124318384,1,38
"https://map.naver.com/p/entry/place/1406506965?c=15.00,0,0,0,dh",하노이별 인하대점,베트남음식,미공개,430,A맨amen,6,"인하대 후문 쌀국수 맛집이에요 !
양도 많고 진짜 간만에 너무맛있는 곳을 찾았네요 ..
양이 많아서 다 못먹을 줄 알았는데 맛있어서 다먹었어요
마라쌀국수는 처음인데 많이 맵지 않고 맛있어요👍",,0.513839066,0,0,0,0,0,0,106,3,6,0,0,-1,FALSE,0,0.089414223,1,106
"https://map.naver.com/p/entry/place/1367589986?c=15.00,0,0,0,dh",미연팔복반점,중식당,미공개,159,han****,12,직원도 매우불친절함. 말을건네지않고톡톡 물건도주며 접시 수저등을 요구하면 매우 귀찮고 불쾌한티가남. 내가 뭐 잘못한줄암. 음식도 그저그럼. 재방문의사 절대없음. 그런식으로 손님대하면 그나마있는손님도안갈듯,,0.134973571,4,1,0.2,0.05,1,1,113,3,15,0.012521142,0,0,FALSE,0,0.086608457,0,113
"https://map.naver.com/p/entry/place/1912001285?c=15.00,0,0,0,dh",청담족발,"족발,보쌈",미공개,486,호호3382,8,배고파서 급하게 먹느라 전 사진이 없네요 너무 맛있어요 잘 먹었습니다,,0.513946354,0,0,0,0,0,0,38,3,8,0,0,-1,FALSE,1,0.14830557,1,38
"https://map.naver.com/p/entry/place/1160321792?c=13.00,0,0,0,dh",슬로우캘리 인하대점,"다이어트,샐러드",미공개,230,what24,107,인하대 후문에 엄청 맛있는 포케집이 생겼어요!! 진짜 양도 많고 무엇보다 신선하고 맛있어요! 꼭 오세요!!🩵🍀,,0.502994657,0,0,0,0,0,0,61,3,107,0,0,-1,FALSE,1,0.107761402,1,61
"https://map.naver.com/p/entry/place/1985104923?c=13.00,0,0,0,dh",운반미,베트남음식,미공개,25,화성인 식탐여교사의 먹스테이,1,"반미빵이 바삭하고 간이 세지않고 담백해서 좋아요
싸씨우 반미 돼지고기 들어있는거 먹어봤어요!6900원
사태쌀국수는 9900원이고 고기도 많고
담백하고 국물맛 진하고 맛있어요
고수 싫어하시면 넣지않으면 되고요
레몬 큼직해서 엄청 좋네요
제가 아이것까지 4개 먹었고요
레몬즙도 있어요
양이 많아서 대식가인 제게 넘 좋아요",,0.505760968,0,0,0,0,0,0,177,3,1,0.020350575,0,-1,FALSE,0,0.077845841,0,177
"https://map.naver.com/p/entry/place/1779318462?c=13.00,0,0,0,dh",삼삼오오,한식,미공개,299,라바8078,787,맛나고 양도 괜찮고 반찬도 무한으로 먹을수 있음,,0.503717005,1,0,0.142857143,0,1,0,26,3,787,0.333333333,0,-1,FALSE,1,0.087825522,1,26
"https://map.naver.com/p/entry/place/1032865736?c=13.00,0,0,0,dh",국민정서 인하대후문점,요리주점,미공개,409,wonr,21,역시나 믿고 먹습니다 너무 맛있어요 추천입니다,2025-09-27,0.502247214,0,0,0,0,0,0,25,3,21,0,0,-1,FALSE,1,0.081567878,0,25
"https://map.naver.com/p/entry/place/1623784940?c=13.00,0,0,0,dh",또취,요리주점,미공개,453,Jzer0,11,무조건 카레 닭도리탕 드세요 두 번 드세요,,0.56425643,0,0,0,0,0,0,23,3,11,0,0,-1,FALSE,0,0.134345178,1,23
"https://map.naver.com/p/entry/place/1406506965?c=15.00,0,0,0,dh",하노이별 인하대점,베트남음식,미공개,430,갱이363,100,"새우팟타이랑 쌀국수 국물이 진짜 맛있어요
튀김도 바삭바삭 입에서 녹네요
고수추가하거나 야채추가해도 맛있을거같아요
배터지게 먹었습니다 ! 강추해용",2025-01-20,0.505910516,0,0,0,0,0,0,80,3,100,0,0,-1,FALSE,0,0.133706649,1,80
"https://map.naver.com/p/entry/place/1392141383?c=19.19,0,0,0,dh",효자동솥뚜껑 인하대점,돼지고기구이,미공개,608,xhz****,2,너무너무너무너무너뮤오무너뮤노뮤너무어무너무너무 ㅏ맛있어요 한번은 꼭 와보새요,2025-05-02,0.725353122,0,0,0,0,0,0,41,3,2,0,0,-1,FALSE,0,0.102253916,1,41
"https://map.naver.com/p/entry/place/1953650417?c=13.00,0,0,0,dh",두루정 인하대점,한식,미공개,418,냥고야이리온,814,"배부르고 가성비 좋게 먹기 좋은 인하대 맛집이에요.
파제육 두루치기 먹었는데 양도 많고 맛있네요~
술 안주로도 정말 좋을 것 같았어요!
밥 볶아 드시는 것도 잊지 마시고요!",,0.50969851,0,0,0,0,0,0,96,3,814,0.042420517,0,-1,FALSE,0,0.090093825,1,96
"https://map.naver.com/p/entry/place/1770290012?c=15.00,0,0,0,dh",커리야,인도음식,4.62,907,wjd****,21,"인천에 커리 맛집이에요!!
몇 년째 커리 먹고 싶을 때마다 오는데 항상 맛있고 양도 푸짐해서 좋아요~!",2025-06-15,0.503499627,0,0,0,0,0,0,57,3,8,0.035880953,0,-1,FALSE,0,0.093739108,1,57
"https://map.naver.com/p/entry/place/1957094833?c=15.00,0,0,0,dh",포케품은초밥 인하대점,"초밥,롤",미공개,416,박태은6,22,처음 방문했는데 매장도 넓고 맛있어요! 다음에 또 방문할게용,2025-04-06,0.504265904,0,0,0,0,0,0,33,3,22,0,0,-1,FALSE,1,0.11175007,1,33
"https://map.naver.com/p/entry/place/1032865736?c=13.00,0,0,0,dh",국민정서 인하대후문점,요리주점,미공개,409,권성연43,20,얼크으ㅡㄴ한거 땡겨서 왔어요!! 너무 맛있어요!!,2025-09-19,0.504113138,0,0,0,0,0,0,27,3,20,0,1,-1,FALSE,1,0.079828777,0,27
"https://map.naver.com/p/entry/place/1119906656?c=13.00,0,0,0,dh",153횟집,생선회,미공개,20,우후루9,19,"🎁이런 맛집을 알게된 게 내 인생의 선물!!!!🎁
후문에 153횟집이 생겨서 얼마나 행복한지 몰라요... 음식에서 느껴지는 품격이 이런 걸까요?ㅠ
진짜 너무너무 맛있어요.. 평소에 회나 날 것을 아예 못먹는데, 요 맛집은 잡내가 정말 하나도 안나서 맛있게 한판 다 해치울 수 있어요..
메뉴 구성도 너무 알차고 초밥같은 경우에는 메뉴 구성이 너무 좋아서 가성비있게 먹고 싶은 초밥 찾아 먹을 수 있습니다 ㅠ
다음에 먹을 메뉴는 얼마나 맛있을지 기대되면서 또 먹을 날이 기다려져요.. 진짜 너무 맛있어서 맨날맨날 생각나는 맛입니다❗️❗️❗️
초밥이고 뭐고 진짜 다 맛있으니깐 다들 한입해보세요.. 츄라이츄라이🥹🥹🥹 아냐 다들 드시지 마세요 유명해지면 내가 못먹으니깐.. 하여튼 제 맘속에 미슐랭 5스타입니다!!!!",2025-05-09,0.522312224,4,8,0.042553191,0.085106383,1,1,403,3,19,0,0,-1,FALSE,0,0.087694399,1,403
"https://map.naver.com/p/entry/place/1034204990?c=15.00,0,0,0,dh",도시톡,바(BAR),미공개,34,미주8792,8,칵테일 다 너무 맛있고 예쁘게 나와서 좋아요 사장님도 너무 친절하시고 분위기도 좋아서 자주 갑니당????,2025-03-24,0.509517491,1,0,0.071428571,0,1,0,58,3,8,0.416666667,1,-1,FALSE,0,0.116987393,1,58
"https://map.naver.com/p/entry/place/37944103?c=15.00,0,0,0,dh",우리소참한우정육식당 인하본점,정육식당,4.53,403,소제2,335,싸고 맛있어서 다음날 또 사러 왔어요. 싱겁게 먹는 편이라 그런지 좀 짠 것 같기도 하구요ㅠㅠ,,0.891770244,0,0,0,0,0,0,52,3,335,0,0,-1,FALSE,0,0.082800794,0,52
"https://map.naver.com/p/entry/place/1878533608?c=13.00,0,0,0,dh",빙그레정육식당 인하대본점,"육류,고기요리",미공개,651,흼이,4,"가성비 최고에 맛도 최고용
쏘주한잔 잘 하고가여
기본찬도 맛있고 육회랑 비냉 존맛
인하후문 소고기맛집!!",,0.502486527,0,0,0,0,0,0,58,3,4,0,0,-1,FALSE,1,0.133428661,1,58
"https://map.naver.com/p/entry/place/1392141383?c=19.19,0,0,0,dh",효자동솥뚜껑 인하대점,돼지고기구이,미공개,608,0ssh1,16,고기 너무 맛있게 잘먹었어요 사이드 메뉴도 너무 맛있었어요!,2025-09-03,0.504654646,1,1,0.125,0.125,1,1,33,3,16,0,0,-1,FALSE,1,0.149636613,1,33
"https://map.naver.com/p/entry/place/1294155308?c=13.00,0,0,0,dh",진화쿵푸마라탕,중식당,미공개,717,lwn1010,60,맛있어요! 여기는 마라탕 말고 만듀랑 쌀국수도 맛있네요☺️ 잘 먹었습니다!!,,0.5044806,0,0,0,0,0,0,42,3,60,0.011111111,0,-1,FALSE,1,0.089080202,1,42
"https://map.naver.com/p/entry/place/1623784940?c=13.00,0,0,0,dh",또취,요리주점,미공개,453,kig****,52,"항상 또취하고 또취하는 또취,,,,, 너무 맛있어요..!",,0.506077528,0,0,0,0,0,0,31,3,52,0.025795964,0,-1,FALSE,0,0.085716978,0,31
"https://map.naver.com/p/entry/place/1344154314?c=15.00,0,0,0,dh",레커훈스 인하대점,"치킨,닭강정",미공개,199,보00,28,항상 후라이드만 먹다가 오늘은 양념을 먹었는데 양념도 맛있네요ㅎㅎㅎ잘먹었습니다!!,,0.504676044,2,0,0.25,0,1,0,45,3,28,0,0,-1,FALSE,0,0.072144767,0,45
"https://map.naver.com/p/entry/place/1403450091?c=18.31,0,0,0,dh",하이볼마또,퓨전음식,미공개,587,de****,33,너무맛있어요 인하대최고술집이에요!!!,2025-07-09,0.502812147,0,1,0,0.5,0,1,20,3,33,0,1,-1,FALSE,1,0.077326299,0,20
"https://map.naver.com/p/entry/place/1294155308?c=13.00,0,0,0,dh",진화쿵푸마라탕,중식당,미공개,717,hq1****,4,너무 맛있어요.잘 막었어서 다시 갈 게요. 양도 많아서 친구이랑 다 좋아요.,,0.504374027,0,0,0,0,0,0,42,3,4,0,0,-1,FALSE,0,0.129600754,1,42
"https://map.naver.com/p/entry/place/1506161713?c=13.00,0,0,0,dh",끝판왕포차,포장마차,미공개,8,rla****,20,안주도 맛있고 사장님이 너무 친철하셔서 너무 편하게 술 마셨습니다. 매정도 너무 넓어서 단체로 오기 너무 좋을것 같아요,,0.571669161,0,0,0,0,0,0,66,3,29,0.015236274,0,-1,FALSE,1,0.09493694,1,66
"https://map.naver.com/p/entry/place/37658191?c=13.00,0,0,0,dh",국제식당 인하대본점,이자카야,4.66,445,부천멋,252,학교 다닐때도 자주 왔는데 졸업하고도 또 오게되네요..!! 분위기도 넘 좋고 음식들도 하나같이 다 맛있어요ㅎㅎ,,0.50415355,0,1,0,0.071428571,0,1,61,3,252,0,0,-1,FALSE,0,0.103506588,1,61
"https://map.naver.com/p/entry/place/1102006774?c=13.00,0,0,0,dh",샐러리아 인하대점,"다이어트,샐러드",미공개,634,Vin63,49,"벌써 몇번째 방문인지 모르겠어요
맛있습니다!! 매장도 매우 넓어요",2025-10-25,0.509941697,0,0,0,0,0,0,36,3,49,0.017909085,0,-1,FALSE,0,0.099567741,1,36
"https://map.naver.com/p/entry/place/1679084400?c=13.00,0,0,0,dh",소주집,한식,미공개,89,흐지부징,200,"닭껍질튀김은 맛이 괜찮았는데 곱도리탕이 당면이나 다른 재료들이 더 들어갔으면 했던 아쉬움이 있어요!
맛이 조금 아쉬웠지만 먹을만해요~
#곱도리탕 #닭껍질튀김 #인하대후문 소주집",,0.88331306,0,0,0,0,0,0,98,3,200,0,0,-1,FALSE,0,0.124946345,1,98
"https://map.naver.com/p/entry/place/87238504?c=15.00,0,0,0,dh",계속 쪼르면,종합분식,미공개,938,buj****,2,"매운떡볶이가 맵찔인데 매콤하게 맛있네요!
굿굿 또올게용",,0.505264103,0,1,0,0.166666667,0,1,30,3,2,0,0,-1,FALSE,0,0.09032364,1,30
"https://map.naver.com/p/entry/place/1621793170?c=15.00,0,0,0,dh",오드룸,바(BAR),미공개,48,림스리얼리뷰,1,분위기가너무좋고 노래도좋고 사진찍기도좋내요~~다음에 사장님디제잉하실때또방문하고싶어요~,,0.510596395,0,0,0,0,0,0,47,3,1,1,0,-1,FALSE,0,0.088858594,1,47
"https://map.naver.com/p/entry/place/1294587914?c=13.00,0,0,0,dh",레오펍 인하대점,피자,4.68,564,인간8156,29,가성비 최고 맛도 좋아요 자주 들를게요~~,,0.502661526,0,0,0,0,0,0,23,3,29,0,0,-1,FALSE,0,0.074910571,0,23
"https://map.naver.com/p/entry/place/37658191?c=13.00,0,0,0,dh",국제식당 인하대본점,이자카야,4.66,445,살구1890,18,사시미 너무 신선해서 놀랐습니다..! 등심나베도 양이 푸짐해서 너무 만족했어요! 면추가랑 밥 추가해서 배부르게 먹었습니다~ 술집 분위기도 너무 좋아요,,0.503632724,0,1,0,0.055555556,0,1,83,3,18,0.001136364,0,-1,FALSE,0,0.128799667,1,83
"https://map.naver.com/p/entry/place/1294155308?c=13.00,0,0,0,dh",진화쿵푸마라탕,중식당,미공개,717,예윤잉,38,고기추가 무료라서 가격이 너무 좋아요,,0.506468356,0,0,0,0,0,0,20,3,38,0,0,-1,FALSE,0,0.070855628,0,20
"https://map.naver.com/p/entry/place/1409029896?c=13.00,0,0,0,dh",이치라멘&돈가츠,음식점,미공개,155,수두아까24,35,일본 돈카츠와 라멘을 부담없이 맛보기 좋았어요~,,0.50945437,0,0,0,0,0,0,26,3,35,0,0,-1,FALSE,1,0.072867557,0,26
"https://map.naver.com/p/entry/place/1001196125?c=13.00,0,0,0,dh",꽃피는 꽃삼겹,돼지고기구이,4.73,163,김해밀,78,이 정도 가격에 이 정도 맛이면 만족합니다. 맛있어요 ,,0.504087031,0,0,0,0,0,0,30,3,78,1,0,-1,FALSE,1,0.129474468,1,30
"https://map.naver.com/p/entry/place/1621793170?c=15.00,0,0,0,dh",오드룸,바(BAR),미공개,48,재니뿅,289,조명 + 음악 + 술 + 안주 = ?? 분위기 너무 좋아요 ㅎㅎㅎ 선곡에 신경쓰시는 게 느껴집니다! 간단하게 분위기 내며 칵테일 마시기 딱 좋아요!! 노래가 좋아서 또 오고 싶을 정도에요 ㅎㅎㅎ 감바스도 맛있게 잘 먹었습니다 ????? ,,0.514798939,0,0,0,0,0,0,132,3,289,0.074154376,0,-1,FALSE,0,0.125129468,1,132
"https://map.naver.com/p/entry/place/1574688174?c=15.00,0,0,0,dh",솥고기67번길,돼지고기구이,미공개,557,Shdkeih,32,완전 순삭했어용 맛있게 잘 먹었습니당,,0.504312158,0,0,0,0,0,0,20,3,32,0,0,-1,FALSE,1,0.07142589,0,20
"https://map.naver.com/p/entry/place/2098595079?c=13.00,0,0,0,dh",행컵 인하대점,"도시락,컵밥",미공개,273,smile1370,10,음식도 엄청 빨리 나오고 맛있고 양도 많고 좋습니다~,2025-06-24,0.50269717,0,1,0,0.125,0,1,29,3,10,0,0,-1,FALSE,1,0.096854466,1,29
"https://map.naver.com/p/entry/place/1878533608?c=13.00,0,0,0,dh",빙그레정육식당 인하대본점,"육류,고기요리",미공개,651,cca****,23,상차림도 좋고 고기도 엄청 저렴해요! 가성비가 정말 좋은 것 같아용❤️ 자주 방문할 거 같아용🥺❤️,,0.504114926,0,0,0,0,0,0,55,3,23,0,0,-1,FALSE,0,0.097287872,1,55
"https://map.naver.com/p/entry/place/1044258426?c=13.00,0,0,0,dh",화경양꼬치,양꼬치,미공개,249,박재범82,8,"고기도 신선하고 꼬치 크기도 커요!!
진짜 맛있어요~~!! 고기 엄청 뷰들부들ㅎㅎ
맛잇게 먹구가용 강추합니다",2025-03-18,0.504742265,0,0,0,0,0,0,60,3,8,0,0,-1,FALSE,1,0.112848669,1,60
"https://map.naver.com/p/entry/place/1770290012?c=15.00,0,0,0,dh",커리야,인도음식,4.62,907,블라썸2526,1,직원분도 친절하고 맛도좋은 커리야..,2025-08-15,0.504994333,2,0,0.5,0,1,0,20,3,1,0,0,-1,FALSE,1,0.071148381,0,20
"https://map.naver.com/p/entry/place/1574688174?c=15.00,0,0,0,dh",솥고기67번길,돼지고기구이,미공개,557,don****,15,가성비 좋고 고기랑 반찬 너무 맛있습니다👍🏻,2025-01-10,0.503433943,1,0,0.166666667,0,1,0,24,3,17,0.090755735,0,-1,FALSE,1,0.084556562,0,24
"https://map.naver.com/p/entry/place/1392141383?c=19.19,0,0,0,dh",효자동솥뚜껑 인하대점,돼지고기구이,미공개,608,로또준,6,"고기 질이 좋고 양도많고 저렴하네요
추천합니다",2025-10-11,0.502345502,0,0,0,0,0,0,25,3,6,0,0,-1,FALSE,1,0.086075789,0,25
"https://map.naver.com/p/entry/place/2009691902?c=15.00,0,0,0,dh",디탕 인하대점,베트남음식,미공개,376,ssogeum,26,"사장님도 넘 친절하시고 양고 많고 맛있음 💘
각각 다 양이 어마어마한데 대학생들은 한창 잘 먹어야 한다고 서비스도 주시고 따숩게 말도 걸어주시고 너무 친절하셨어요
쌀국수 진짜 맛있고 시원해요 bb
제가 리뷰 웬만하면 안 남기는데 너무 맛있게 먹고 감동받아서 올립니다 사장님 번창하세요 🤍",2025-07-19,0.505931914,2,0,0.048780488,0,1,0,160,3,26,0,0,-1,FALSE,0,0.078783807,0,160
"https://map.naver.com/p/entry/place/1227121732?c=15.00,0,0,0,dh",돈마니,돈가스,미공개,179,독기살인마,558,맛있어요 가끔 옵니다 7500원 가격 상승,,0.565998316,0,0,0,0,0,0,23,3,558,0,0,-1,FALSE,0,0.085110842,0,23
"https://map.naver.com/p/entry/place/87238504?c=15.00,0,0,0,dh",계속 쪼르면,종합분식,미공개,938,Junseop,19,"맛있게 잘 먹었습니다.
가게도 깔끔하고 가격도 저렴해서 좋았네요.
다음에 또 방문하겠습니다.",,0.504431307,0,0,0,0,0,0,51,3,19,0,0,-1,FALSE,1,0.108842072,1,51
"https://map.naver.com/p/entry/place/32434663?c=13.00,0,0,0,dh",알촌 인하대점,퓨전음식,미공개,601,고프오배가,173,가성비 갑. 약매알밥 넘 맛있음....  😋 ,,0.504589736,0,0,0,0,0,0,25,3,173,0.016026985,0,-1,FALSE,1,0.082065124,0,25
"https://map.naver.com/p/entry/place/1426778024?c=15.00,0,0,0,dh",아재불닭발 인하대점,닭발,미공개,354,hop****,17,야식+ 술 한잔 할 곳 찾다가 우연히 발견한 곳인데 다른 곳과 다르게 여기는 홀형 매장이라더라고요!  닭발 세트랑 이것저것 시켜서 먹었는데 굳이였어요. 학교 앞이라 별로 기대 안했는데 각각 음식 퀄리티가 높아서 좋았어요. 새로 오픈 했다고 하던데 그래서 그런가 매장도 깔끔하고 사장님들도 친절하시더라고요. 덕분에 맛있는 한 끼 했어요. 감사합니다??,2025-02-27,0.53667593,1,1,0.021276596,0.021276596,1,1,195,3,3,0,0,-1,FALSE,0,0.147791455,1,195
"https://map.naver.com/p/entry/place/1963692965?c=15.00,0,0,0,dh",정인곱창 인하본점,"곱창,막창,양",4.77,418,가나가나가나다라다라,39,정말정말 맛있어요ㅠㅠ 돼지막창은 여기입니다! 김치말이국수도 제가 먹은 것 중 젤 맛있어요! 볶음밥은 필수입니당,,0.512308598,0,0,0,0,0,0,61,3,39,0,0,-1,FALSE,1,0.083933459,0,61
"https://map.naver.com/p/entry/place/1491213700?c=15.00,0,0,0,dh",동아리닭갈비,닭갈비,미공개,651,쇽쇽50,169,맛 괜찮구 혼자와도 볶음밥 해주셔서 완전 감사합니다. 식사로 볶음밥만 먹는 것도 맛있어요! 닭갈비도 들어있구요ㅎㅎ 양도 많이 주십니다 자주 갈게요~,,0.503254831,0,0,0,0,0,0,82,3,169,0.014664225,0,-1,FALSE,0,0.092433238,1,82
"https://map.naver.com/p/entry/place/1032865736?c=13.00,0,0,0,dh",국민정서 인하대후문점,요리주점,미공개,409,hiw****,7,"여기 어묵탕이 너무 얼큰하고 양이 많아서 소주를 안먹을 이유가 없었습니다. 꼭 오세요 그리고 통돼지 소금구이에 또 소주를 참을 수 없었습니다. 술 생각나면 여기로, 불금때 오는거 더 추천드립니다",2025-02-28,0.676671445,0,0,0,0,0,0,108,3,7,0,0,-1,FALSE,0,0.090343213,1,108
"https://map.naver.com/p/entry/place/1479468560?c=15.00,0,0,0,dh",한창희천하일면 인하대점,국수,미공개,395,hee****,9,제주도에서 먹은 것보다 훨씬 맛있어요☺️,2025-02-27,0.505062401,0,0,0,0,0,0,22,3,54,0.02083861,0,-1,FALSE,1,0.072413876,0,22
"https://map.naver.com/p/entry/place/1748522357?c=13.00,0,0,0,dh",큐슈울트라아멘 인하대점,일본식라면,미공개,279,박수민2185,20,"완전 맛있어요
담에 또 올 것 같아요
음식도 빨리 나왔어용",,0.502986372,0,1,0,0.1,0,1,32,3,20,0,0,-1,FALSE,1,0.103139875,1,32
"https://map.naver.com/p/entry/place/1108410654?c=13.00,0,0,0,dh",온뚝,한식,미공개,181,kdh0823,31,"부대찌개 맛있어요!!
양도 많고 안에 재료도 다양해영
매장 안에 자리도 많아요
#인하대맛집 #인하대밥집",2025-08-15,0.507466197,0,0,0,0,0,0,57,3,31,0.01754386,0,-1,FALSE,1,0.083198155,0,57
"https://map.naver.com/p/entry/place/1367589986?c=15.00,0,0,0,dh",미연팔복반점,중식당,미공개,159,상니링,51,"인하대에서 가장 좋아하는 중국음식점이에요!
볶음밥이랑 짬뽕 단품으로 먹기 좋습니다
근데 마라탕은 취향이 아니었어요ㅠ 양을 엄청 많이 주셔서 둘이 먹었는데 반도 못 먹었어요^^,,, 마라탕은 전문점 가는걸 추천드립니다~~~",,0.836559176,0,2,0,0.076923077,0,1,123,3,51,0.344827586,0,-1,FALSE,0,0.105927932,1,123
"https://map.naver.com/p/entry/place/1963692965?c=15.00,0,0,0,dh",정인곱창 인하본점,"곱창,막창,양",4.77,418,uhy****,14,"곱창 너뮤 맛있고 볶음밥도 너무
맛있었어요~~~❤️",,0.503157675,0,0,0,0,0,0,28,3,14,0,0,-1,FALSE,1,0.124562789,1,28
"https://map.naver.com/p/entry/place/37688208?c=15.00,0,0,0,dh",가메이,일식당,미공개,335,구비니 일상여행,394,"남자친구가 인하대생이라 오전 수업 마치는거 기다렸다가 함께 방문했어요 !
이미 몇년 전부터 사케동맛집이었다고..!
연어새우장 먹었는데 연어 식감이 대박이에요..
새우장도 너무 맛있었구요
양파샐러드가 진짜 시원하니 좋더라구요
너무 잘 먹고 갑니당🥹👍",2025-04-10,0.505808234,0,0,0,0,0,0,139,3,394,0.022222222,0,-1,FALSE,0,0.081007836,0,139
"https://map.naver.com/p/entry/place/1044258426?c=13.00,0,0,0,dh",화경양꼬치,양꼬치,미공개,249,jenuinevinnie,38,인하대 주변에 새로 생긴 양꼬치집이에요! 매장도 깨끗하고 직원 분들도 친절하셔서 기분이 좋아지네요 양꼬치 짱 맛있어요🤤🤍,,0.505218148,2,0,0.133333333,0,1,0,67,3,38,0.02173913,0,-1,FALSE,1,0.076705183,0,67
"https://map.naver.com/p/entry/place/1691680844?c=13.00,0,0,0,dh",육쌈냉면 인하대점,냉면,미공개,942,날밤까기,706,인하대 근처라 그런지 가성비가좋아요~~,,0.504694402,0,1,0,0.25,0,1,21,3,706,0,0,-1,FALSE,1,0.120395788,1,21
"https://map.naver.com/p/entry/place/1878533608?c=13.00,0,0,0,dh",빙그레정육식당 인하대본점,"육류,고기요리",미공개,651,jyhnegis,13,"넘 맛있어서 계속 먹게 돼용🤤🤤
그리고 직원분이 엄 청 친절하셔서 기분 좋게 먹고 가요!",2025-07-27,0.518894613,2,0,0.142857143,0,1,0,49,3,13,0,0,-1,FALSE,1,0.106489781,1,49
"https://map.naver.com/p/entry/place/1711877761?c=13.00,0,0,0,dh",코피아,이탈리아음식,미공개,536,cHeeze,355,"1위 조합으로만 시켜봤는데 너무맛있어요❤
게살로제파스타 모짜렐라치즈베이컨크림리조또 둘다 추천이요!
가게도 아기자기하고 귀여워요 선곡센스최고!!",,0.502601027,0,0,0,0,0,0,79,3,355,0,0,-1,FALSE,0,0.092451858,1,79
"https://map.naver.com/p/entry/place/37483560?c=13.00,0,0,0,dh",미로곱창 전골집,"곱창,막창,양",4.42,245,pjw1602,13,너무 맛있게 잘 먹었습니다. 고맙습니다. ,,0.503473938,0,0,0,0,0,0,23,3,13,0,0,-1,FALSE,1,0.138508274,1,23
"https://map.naver.com/p/entry/place/1383700124?c=15.00,0,0,0,dh",성화해장국 인하점,해장국,미공개,237,ibb****,550,너무 맛있어요. 집앞에 있어서 너무너무 감사합니당!ㅋㅋ,2025-04-06,0.503555954,0,0,0,0,0,0,30,3,550,0.022211681,0,-1,FALSE,1,0.076153723,0,30
"https://map.naver.com/p/entry/place/1470889138?c=13.00,0,0,0,dh",화양연화,요리주점,미공개,636,ste****,28,"마라전골이 정말정말 맛있어요 남자친구랑
감탄하고 갑니다👍🏻👍🏻",,0.503410757,0,0,0,0,0,0,34,3,28,0.017013735,0,-1,FALSE,1,0.097778703,1,34
"https://map.naver.com/p/entry/place/2009691902?c=15.00,0,0,0,dh",디탕 인하대점,베트남음식,미공개,376,s2k****,16,"다 맛있었는데 특히 반쎄오가 미쳤어요(positive)
하 위에는 바삭바삭 밑에는 소스 때문에 촉촉한데 진짜 식감 대박 좋아요💞 새우도 통통하고 숙주도 아삭하고 고기랑 소스 너무 잘 어울리고 라이스페이퍼에 싸서 그냥 먹어도 맛나고 칠리 소스에 찍어먹어도 맛있고 라이스페이퍼에 안싸고 그냥 재료들 하나하나 따로 먹어도 맛있고 그냥 이건 꼭 시키세요 꼭!!!✔️ (양도 많아요!!)
새우튀김 꽃게튀김 두 종류 먹어봤는데 제 취향은 새우튀김이였습니당 그치만 두 튀김 모두 바삭바삭하고 안에 새우랑 게가 통~통 했어요!! 새우튀김은 겉에 코코넛과 같이 튀겨지는데 이게 킥입니다!! 코코넛도 같이 튀겨져서 진짜로 바삭을 넘어 파싹(빠삭)해요ㅜ넘 맛낭
400자가 최대인데 모자라요.. 쌀국수도 먹어보세요! 짱추천 사장님사랑ㅎ",2025-07-17,0.536216259,0,0,0,0,0,0,401,3,16,0,1,-1,FALSE,0,0.082892717,0,401
"https://map.naver.com/p/entry/place/1878533608?c=13.00,0,0,0,dh",빙그레정육식당 인하대본점,"육류,고기요리",미공개,651,이서현8623,14,고기 질도 좋고 맛있어용 또 오겠습니다 !,2025-01-01,0.502803743,0,0,0,0,0,0,23,3,14,0,1,-1,FALSE,0,0.148869974,1,23
"https://map.naver.com/p/entry/place/1479468560?c=15.00,0,0,0,dh",한창희천하일면 인하대점,국수,미공개,395,sky****,17,오~ 면 탱글하고 양 많구 좋네요 고기국수도 맛있는데 아부라소바가 감칠맛이 좋네요 메뉴 둘다 먹어보는거 추천,2025-02-20,0.507845879,1,2,0.066666667,0.133333333,1,1,60,3,22,0.020407756,0,-1,FALSE,0,0.130292538,1,60
"https://map.naver.com/p/entry/place/1044258426?c=13.00,0,0,0,dh",화경양꼬치,양꼬치,미공개,249,맛돌인천,171,마라 양꼬치 맛있어요! 다양한 술안주가 있어서 하얼빈이랑 맛있게 잘 먹었습니다!,,0.506888568,0,0,0,0,0,0,44,3,171,0.03577215,0,-1,FALSE,1,0.088808733,1,44
"https://map.naver.com/p/entry/place/1082477292?c=13.00,0,0,0,dh",명랑핫도그 인하대점,핫도그,미공개,366,아로미1219,1,"인하대 로데오거리에 있는 명랑핫도그
치즈,소세지들어간 핫도그 너무 맛있어여",2025-07-07,0.506269276,0,0,0,0,0,0,41,3,1,0.059176303,0,-1,FALSE,1,0.090521985,1,41
"https://map.naver.com/p/entry/place/1776211168?c=13.00,0,0,0,dh",삭금,요리주점,미공개,118,jjickjjick,55,"꽃게나베 요 인하대맛집 삭금 여기서 처음 먹어봤는데 꽃게가 너무 실하고 채소도 신선해서 너무 맛있게 먹었어요!! ♥️
국물도 오뎅이 들어가서 진한 국물 먹는데 소주랑 같이 먹으면 무한제로 들어갈 것 같이 너무 잘 어울릴 것 같았답니당!!! 다들 불금 불토에 여기 오세요~~~ 👍🏻 인하대후문이랑 심지어 거리도 가까움 >_< 강추 !",,0.510298073,0,0,0,0,0,0,185,3,55,0,0,-1,FALSE,0,0.074385315,0,185
"https://map.naver.com/p/entry/place/1294587914?c=13.00,0,0,0,dh",레오펍 인하대점,피자,4.68,564,나는야카피바라야,27,인하대 후문 피자집에서 제일 맛있고 가격도 싸요!!!,,0.504758716,0,0,0,0,0,0,29,3,27,0,0,-1,FALSE,1,0.075300484,0,29
"https://map.naver.com/p/entry/place/1574688174?c=15.00,0,0,0,dh",솥고기67번길,돼지고기구이,미공개,557,딩이44,11,"고기가 맛있고
매장이 넓고
직원분이 친절해서
편하게 먹기 좋아요 ^^",,0.504070461,2,0,0.2,0,1,0,39,3,11,0,0,-1,FALSE,1,0.111062111,1,39
"https://map.naver.com/p/entry/place/36379444?c=13.00,0,0,0,dh",팥지콩지,한식,4.18,226,mu53,20,"너무 맛있어요~~
모밀국수, 찰수수비빔밥을 추천해주셔서 먹었는데 정성과 재료가 넘 좋더라구요.
콩부침개도 바삭바삭 속에 무리도 없고, 이렇게 팔아 남으시겠냐고 물어보게되더라구요.
가끔가던곳인데 이제야 리뷰다네요~
사장님도 좋으시고 강추합니다!",2025-04-01,0.508636832,0,0,0,0,0,0,135,3,20,0,0,-1,FALSE,0,0.102785866,1,135
"https://map.naver.com/p/entry/place/1846560528?c=15.00,0,0,0,dh",대패공장,"육류,고기요리",미공개,46,ide****,14,사장님이랑 알바분?? 들 진짜 너무 친절하시고 고기도 너무 맛있었어요... 큐브삼겹 고기도 되게 좋았고 차돌박이도 사장님이 직접 손질하신다는데 기름이 진짜 고소한게 너무 맛있었어요... 그리고 저 된장찌개가 3천원인데 맛도 있고 건더기도 실하고 아무튼 너무 맛있었어요 이제 고기 먹고 싶으면 여기만 가려구요!,,0.522896945,1,0,0.025641026,0,1,0,172,3,14,0.025,0,-1,FALSE,0,0.094236053,1,172
"https://map.naver.com/p/entry/place/1770290012?c=15.00,0,0,0,dh",커리야,인도음식,4.62,907,oyj****,18,자주오던 맛집인데 오랜만에 방문했어요! 여전히 맛있어요🩷,2025-08-24,0.505003214,0,0,0,0,0,0,31,3,18,0,1,-1,FALSE,1,0.109905777,1,31
"https://map.naver.com/p/entry/place/1133615983?c=13.00,0,0,0,dh",왕돈까스,돈가스,미공개,445,dongl,99,"주방에서 일하시는분이 처음에 고무장갑 착용한
손으로 행주를 만지고 고기 만지고 돈까스 튀기고
야채도 고무장갑낀 상태로 접시에 올리더라구요
식사중 비위가 상해서 나왔습니다.그리고 계산하신분한테 말씀드렸더니 뚱한 표정으로 보시네요 개선한다고 모자를판에..
아무리 학생들 상대로 장사하신다지만 위생을 지켜주셔야되는거 아닌가요?",,0.317124695,0,0,0,0,0,0,180,3,99,0,0,-1,FALSE,0,0.102653782,1,180
"https://map.naver.com/p/entry/place/1090243948?c=13.00,0,0,0,dh",와이키키피자,피자,미공개,326,JJ056,22,"인하대 후문에서 피자 먹을 때 여기만 와여
왜?
맛있으니까 like ㅋ
근데 제친구가 하와이안피자 불호라서 슬퍼요 나중에 혼자와서 하와이안 먹을게요",,0.84366864,1,0,0.05,0,1,0,82,3,22,0,0,-1,FALSE,0,0.08284898,0,82
"https://map.naver.com/p/entry/place/1517096100?c=13.00,0,0,0,dh",오썸,"맥주,호프",미공개,13,츄류짱,6,안주 진짜 맛있고 티비가 있는 테이블이 많아서 축구 보러 오기 좋네요. 룸도 있는데 여기서 프라이빗하게 과팅하는 사람이 많아요!! 😊,,0.542751014,0,0,0,0,0,0,74,3,6,1,0,-1,FALSE,0,0.126648731,1,74
"https://map.naver.com/p/entry/place/1294587914?c=13.00,0,0,0,dh",레오펍 인하대점,피자,4.68,564,설렁탕29,14,시험 끝나자마자 달려왔어요 항상 맛있네용😍😍😍😍,,0.503318906,0,0,0,0,0,0,26,3,14,0,0,-1,FALSE,1,0.126444604,1,26
"https://map.naver.com/p/entry/place/1479468560?c=15.00,0,0,0,dh",한창희천하일면 인하대점,국수,미공개,395,yhees,12,양도 많고 너무 맛있게 잘먹었습니다ㅎㅎ,2025-06-03,0.504305124,0,0,0,0,0,0,21,3,12,0,1,-1,FALSE,1,0.131812789,1,21
"https://map.naver.com/p/entry/place/1767613585?c=15.00,0,0,0,dh",뼈앓이감자탕 용현점,감자탕,미공개,242,101****,29,"와~첨 와봤는데, 뼈해장국밥은 진짜 양 많고 맛있네요 제가 좋아하는 시래기도 잔뜩~^^얼큰하고 좋아요",2025-10-08,0.503961027,0,0,0,0,0,0,56,3,29,0.032539683,0,-1,FALSE,1,0.089546086,1,56
"https://map.naver.com/p/entry/place/36271040?c=15.00,0,0,0,dh",이모떡즉석떡볶이,떡볶이,4.64,464,박꾸꾸,1,사장님도 친절하시고 떡볶이 튀김 둘다 맛있어요~ 배불러서 볶음밥 못먹었어요ㅠㅠ,,0.510589123,1,0,0.111111111,0,1,0,43,3,1,0.133333333,0,-1,FALSE,1,0.113571603,1,43
"https://map.naver.com/p/entry/place/1623784940?c=13.00,0,0,0,dh",또취,요리주점,미공개,453,kig****,52,가게 분위기가 포차분위기로 너무좋아요 !! 벽면에 친구들끼리 우정낙서할수도있고 필카로 바로 사진인쇄해서 걸수도있어서 새로운 추억이 생기는 느낌이에요 !!! 그리고 음식이 진짜 맛있습니다 ㅜㅜ 카레닭도리탕 꼭 드세요 !! 가격도 저렴하고 인하대 맛집이에요 ㅠ,,0.509013534,0,2,0,0.064516129,0,1,143,3,52,0.025795964,0,-1,FALSE,0,0.119470702,1,143
"https://map.naver.com/p/entry/place/38432017?c=13.00,0,0,0,dh",치즈를사랑한찜닭 인하대점,찜닭,미공개,356,0wow,240,"양도 많고 맛있어요!!
치즈를 정말 많이 올려주셔서 좋아요..
3명이서 가도 중 남겼어요.. 양도 많고
맛있습니당🤍",,0.504702866,0,0,0,0,0,0,64,3,240,0.033473515,0,-1,FALSE,0,0.082092501,0,64
"https://map.naver.com/p/entry/place/1878533608?c=13.00,0,0,0,dh",빙그레정육식당 인하대본점,"육류,고기요리",미공개,651,nom****,8,"고기 맛이 좋고 알바생이 너무 좋아요 ㅠㅠ
서비스 짱짱!! 🤍
다시 꼭 올게요",2025-04-30,0.50298804,0,0,0,0,0,0,43,3,8,0.0625,0,-1,FALSE,1,0.105787908,1,43
